"Date/Time (PST)","mph (5020') Mt. Baker - Pan Dome"
"4/30/23 10 pm",12.71
"4/30/23 9 pm",12.71
"4/30/23 8 pm",20.47
"4/30/23 7 pm",19.06
"4/30/23 6 pm",19.06
"4/30/23 5 pm",21.18
"4/30/23 4 pm",20.47
"4/30/23 3 pm",17.65
"4/30/23 2 pm",19.06
"4/30/23 1 pm",18.36
"4/30/23 12 pm",17.65
"4/30/23 11 am",15.53
"4/30/23 10 am",14.83
"4/30/23 9 am",15.53
"4/30/23 8 am",15.53
"4/30/23 7 am",
"4/30/23 6 am",12
"4/30/23 5 am",
"4/30/23 4 am",
"4/30/23 3 am",
"4/30/23 2 am",
"4/30/23 1 am",
"4/30/23 12 am",
"4/29/23 11 pm",
"4/29/23 10 pm",
"4/29/23 9 pm",
"4/29/23 8 pm",
"4/29/23 7 pm",
"4/29/23 6 pm",25.42
"4/29/23 5 pm",27.53
"4/29/23 4 pm",27.53
"4/29/23 3 pm",31.77
"4/29/23 2 pm",32.48
"4/29/23 1 pm",35.3
"4/29/23 12 pm",34.59
"4/29/23 11 am",28.24
"4/29/23 10 am",23.3
"4/29/23 9 am",28.95
"4/29/23 8 am",28.95
"4/29/23 7 am",20.47
"4/29/23 6 am",31.77
"4/29/23 5 am",32.48
"4/29/23 4 am",25.42
"4/29/23 3 am",19.77
"4/29/23 2 am",13.41
"4/29/23 1 am",12
"4/29/23 12 am",13.41
"4/28/23 11 pm",10.59
"4/28/23 10 pm",12
"4/28/23 9 pm",13.41
"4/28/23 8 pm",12.71
"4/28/23 7 pm",12.71
"4/28/23 6 pm",12
"4/28/23 5 pm",14.12
"4/28/23 4 pm",13.41
"4/28/23 3 pm",14.83
"4/28/23 2 pm",15.53
"4/28/23 1 pm",12.71
"4/28/23 12 pm",12
"4/28/23 11 am",12
"4/28/23 10 am",12.71
"4/28/23 9 am",12.71
"4/28/23 8 am",16.94
"4/28/23 7 am",15.53
"4/28/23 6 am",9.88
"4/28/23 5 am",9.18
"4/28/23 4 am",10.59
"4/28/23 3 am",9.88
"4/28/23 2 am",8.47
"4/28/23 1 am",12.71
"4/28/23 12 am",13.41
"4/27/23 11 pm",13.41
"4/27/23 10 pm",13.41
"4/27/23 9 pm",11.3
"4/27/23 8 pm",3.53
"4/27/23 7 pm",7.06
"4/27/23 6 pm",6.354
"4/27/23 5 pm",6.354
"4/27/23 4 pm",8.47
"4/27/23 3 pm",6.354
"4/27/23 2 pm",4.236
"4/27/23 1 pm",7.766
"4/27/23 12 pm",7.06
"4/27/23 11 am",5.648
"4/27/23 10 am",7.06
"4/27/23 9 am",12.71
"4/27/23 8 am",14.12
"4/27/23 7 am",14.12
"4/27/23 6 am",16.24
"4/27/23 5 am",14.12
"4/27/23 4 am",4.236
"4/27/23 3 am",6.354
"4/27/23 2 am",7.766
"4/27/23 1 am",12.71
"4/27/23 12 am",7.06
"4/26/23 11 pm",4.942
"4/26/23 10 pm",8.47
"4/26/23 9 pm",11.3
"4/26/23 8 pm",7.766
"4/26/23 7 pm",7.766
"4/26/23 6 pm",9.18
"4/26/23 5 pm",13.41
"4/26/23 4 pm",14.83
"4/26/23 3 pm",12.71
"4/26/23 2 pm",14.12
"4/26/23 1 pm",15.53
"4/26/23 12 pm",19.77
"4/26/23 11 am",21.89
"4/26/23 10 am",18.36
"4/26/23 9 am",20.47
"4/26/23 8 am",13.41
"4/26/23 7 am",12.71
"4/26/23 6 am",14.12
"4/26/23 5 am",14.83
"4/26/23 4 am",12
"4/26/23 3 am",12.71
"4/26/23 2 am",13.41
"4/26/23 1 am",13.41
"4/26/23 12 am",14.12
"4/25/23 11 pm",15.53
"4/25/23 10 pm",12.71
"4/25/23 9 pm",14.12
"4/25/23 8 pm",11.3
"4/25/23 7 pm",11.3
"4/25/23 6 pm",9.18
"4/25/23 5 pm",11.3
"4/25/23 4 pm",12
"4/25/23 3 pm",12
"4/25/23 2 pm",12
"4/25/23 1 pm",12.71
"4/25/23 12 pm",12.71
"4/25/23 11 am",9.88
"4/25/23 10 am",7.06
"4/25/23 9 am",8.47
"4/25/23 8 am",7.766
"4/25/23 7 am",9.88
"4/25/23 6 am",2.824
"4/25/23 5 am",3.53
"4/25/23 4 am",4.942
"4/25/23 3 am",8.47
"4/25/23 2 am",11.3
"4/25/23 1 am",9.18
"4/25/23 12 am",12.71
"4/24/23 11 pm",12.71
"4/24/23 10 pm",7.766
"4/24/23 9 pm",4.942
"4/24/23 8 pm",5.648
"4/24/23 7 pm",6.354
"4/24/23 6 pm",4.942
"4/24/23 5 pm",9.88
"4/24/23 4 pm",10.59
"4/24/23 3 pm",11.3
"4/24/23 2 pm",12.71
"4/24/23 1 pm",12.71
"4/24/23 12 pm",13.41
"4/24/23 11 am",13.41
"4/24/23 10 am",12.71
"4/24/23 9 am",12.71
"4/24/23 8 am",10.59
"4/24/23 7 am",7.06
"4/24/23 6 am",7.766
"4/24/23 5 am",7.06
"4/24/23 4 am",6.354
"4/24/23 3 am",10.59
"4/24/23 2 am",14.12
"4/24/23 1 am",19.06
"4/24/23 12 am",19.77
"4/23/23 11 pm",19.77
"4/23/23 10 pm",14.83
"4/23/23 9 pm",26.83
"4/23/23 8 pm",30.36
"4/23/23 7 pm",37.42
"4/23/23 6 pm",36.01
"4/23/23 5 pm",39.54
"4/23/23 4 pm",45.18
"4/23/23 3 pm",46.6
"4/23/23 2 pm",41.65
"4/23/23 1 pm",
"4/23/23 12 pm",47.3
"4/23/23 11 am",43.77
"4/23/23 10 am",39.54
"4/23/23 9 am",33.89
"4/23/23 8 am",37.42
"4/23/23 7 am",20.47
"4/23/23 6 am",28.24
"4/23/23 5 am",30.36
"4/23/23 4 am",29.65
"4/23/23 3 am",31.06
"4/23/23 2 am",33.89
"4/23/23 1 am",34.59
"4/23/23 12 am",33.89
"4/22/23 11 pm",35.3
"4/22/23 10 pm",26.83
"4/22/23 9 pm",21.18
"4/22/23 8 pm",28.95
"4/22/23 7 pm",27.53
"4/22/23 6 pm",26.83
"4/22/23 5 pm",25.42
"4/22/23 4 pm",24
"4/22/23 3 pm",20.47
"4/22/23 2 pm",19.77
"4/22/23 1 pm",19.06
"4/22/23 12 pm",23.3
"4/22/23 11 am",19.77
"4/22/23 10 am",17.65
"4/22/23 9 am",14.83
"4/22/23 8 am",13.41
"4/22/23 7 am",12.71
"4/22/23 6 am",12
"4/22/23 5 am",9.88
"4/22/23 4 am",9.18
"4/22/23 3 am",7.766
"4/22/23 2 am",7.766
"4/22/23 1 am",7.766
"4/22/23 12 am",7.766
"4/21/23 11 pm",8.47
"4/21/23 10 pm",7.766
"4/21/23 9 pm",5.648
"4/21/23 8 pm",6.354
"4/21/23 7 pm",3.53
"4/21/23 6 pm",10.59
"4/21/23 5 pm",9.88
"4/21/23 4 pm",15.53
"4/21/23 3 pm",15.53
"4/21/23 2 pm",11.3
"4/21/23 1 pm",12.71
"4/21/23 12 pm",12
"4/21/23 11 am",9.88
"4/21/23 10 am",9.88
"4/21/23 9 am",6.354
"4/21/23 8 am",5.648
"4/21/23 7 am",9.18
"4/21/23 6 am",9.18
"4/21/23 5 am",9.18
"4/21/23 4 am",10.59
"4/21/23 3 am",10.59
"4/21/23 2 am",7.766
"4/21/23 1 am",11.3
"4/21/23 12 am",18.36
"4/20/23 11 pm",26.83
"4/20/23 10 pm",33.18
"4/20/23 9 pm",26.12
"4/20/23 8 pm",31.06
"4/20/23 7 pm",33.18
"4/20/23 6 pm",36.71
"4/20/23 5 pm",37.42
"4/20/23 4 pm",31.06
"4/20/23 3 pm",29.65
"4/20/23 2 pm",41.65
"4/20/23 1 pm",42.36
"4/20/23 12 pm",33.18
"4/20/23 11 am",29.65
"4/20/23 10 am",20.47
"4/20/23 9 am",20.47
"4/20/23 8 am",13.41
"4/20/23 7 am",16.94
"4/20/23 6 am",20.47
"4/20/23 5 am",19.77
"4/20/23 4 am",19.06
"4/20/23 3 am",18.36
"4/20/23 2 am",13.41
"4/20/23 1 am",16.94
"4/20/23 12 am",16.24
"4/19/23 11 pm",16.24
"4/19/23 10 pm",15.53
"4/19/23 9 pm",14.12
"4/19/23 8 pm",9.88
"4/19/23 7 pm",14.83
"4/19/23 6 pm",18.36
"4/19/23 5 pm",12.71
"4/19/23 4 pm",16.24
"4/19/23 3 pm",22.59
"4/19/23 2 pm",24
"4/19/23 1 pm",23.3
"4/19/23 12 pm",21.18
"4/19/23 11 am",18.36
"4/19/23 10 am",16.24
"4/19/23 9 am",16.94
"4/19/23 8 am",16.94
"4/19/23 7 am",18.36
"4/19/23 6 am",15.53
"4/19/23 5 am",12
"4/19/23 4 am",9.88
"4/19/23 3 am",8.47
"4/19/23 2 am",17.65
"4/19/23 1 am",17.65
"4/19/23 12 am",16.94
"4/18/23 11 pm",26.83
"4/18/23 10 pm",18.36
"4/18/23 9 pm",22.59
"4/18/23 8 pm",26.12
"4/18/23 7 pm",34.59
"4/18/23 6 pm",38.83
"4/18/23 5 pm",33.89
"4/18/23 4 pm",40.24
"4/18/23 3 pm",26.12
"4/18/23 2 pm",30.36
"4/18/23 1 pm",34.59
"4/18/23 12 pm",29.65
"4/18/23 11 am",34.59
"4/18/23 10 am",35.3
"4/18/23 9 am",43.77
"4/18/23 8 am",45.18
"4/18/23 7 am",38.12
"4/18/23 6 am",47.3
"4/18/23 5 am",35.3
"4/18/23 4 am",35.3
"4/18/23 3 am",40.24
"4/18/23 2 am",41.65
"4/18/23 1 am",45.18
"4/18/23 12 am",42.36
"4/17/23 11 pm",44.48
"4/17/23 10 pm",20.47
"4/17/23 9 pm",26.12
"4/17/23 8 pm",48.01
"4/17/23 7 pm",41.65
"4/17/23 6 pm",9.88
"4/17/23 5 pm",10.59
"4/17/23 4 pm",27.53
"4/17/23 3 pm",29.65
"4/17/23 2 pm",20.47
"4/17/23 1 pm",18.36
"4/17/23 12 pm",24
"4/17/23 11 am",19.06
"4/17/23 10 am",12
"4/17/23 9 am",16.24
"4/17/23 8 am",23.3
"4/17/23 7 am",23.3
"4/17/23 6 am",26.83
"4/17/23 5 am",38.12
"4/17/23 4 am",34.59
"4/17/23 3 am",37.42
"4/17/23 2 am",33.18
"4/17/23 1 am",29.65
"4/17/23 12 am",36.71
"4/16/23 11 pm",14.12
"4/16/23 10 pm",29.65
"4/16/23 9 pm",23.3
"4/16/23 8 pm",26.83
"4/16/23 7 pm",35.3
"4/16/23 6 pm",41.65
"4/16/23 5 pm",48.01
"4/16/23 4 pm",52.95
"4/16/23 3 pm",48.71
"4/16/23 2 pm",40.95
"4/16/23 1 pm",50.83
"4/16/23 12 pm",43.77
"4/16/23 11 am",36.01
"4/16/23 10 am",28.24
"4/16/23 9 am",28.95
"4/16/23 8 am",24
"4/16/23 7 am",31.06
"4/16/23 6 am",40.95
"4/16/23 5 am",30.36
"4/16/23 4 am",32.48
"4/16/23 3 am",34.59
"4/16/23 2 am",33.89
"4/16/23 1 am",30.36
"4/16/23 12 am",31.77
"4/15/23 11 pm",24
"4/15/23 10 pm",31.77
"4/15/23 9 pm",40.95
"4/15/23 8 pm",37.42
"4/15/23 7 pm",29.65
"4/15/23 6 pm",22.59
"4/15/23 5 pm",19.77
"4/15/23 4 pm",22.59
"4/15/23 3 pm",33.18
"4/15/23 2 pm",32.48
"4/15/23 1 pm",37.42
"4/15/23 12 pm",31.77
"4/15/23 11 am",38.83
"4/15/23 10 am",37.42
"4/15/23 9 am",35.3
"4/15/23 8 am",31.77
"4/15/23 7 am",34.59
"4/15/23 6 am",32.48
"4/15/23 5 am",34.59
"4/15/23 4 am",34.59
"4/15/23 3 am",29.65
"4/15/23 2 am",26.83
"4/15/23 1 am",22.59
"4/15/23 12 am",31.77
"4/14/23 11 pm",37.42
"4/14/23 10 pm",24.71
"4/14/23 9 pm",25.42
"4/14/23 8 pm",23.3
"4/14/23 7 pm",21.18
"4/14/23 6 pm",19.77
"4/14/23 5 pm",18.36
"4/14/23 4 pm",19.06
"4/14/23 3 pm",16.94
"4/14/23 2 pm",16.24
"4/14/23 1 pm",12.71
"4/14/23 12 pm",13.41
"4/14/23 11 am",12
"4/14/23 10 am",7.06
"4/14/23 9 am",4.942
"4/14/23 8 am",4.942
"4/14/23 7 am",3.53
"4/14/23 6 am",4.942
"4/14/23 5 am",4.942
"4/14/23 4 am",4.236
"4/14/23 3 am",2.824
"4/14/23 2 am",4.942
"4/14/23 1 am",2.118
"4/14/23 12 am",0
"4/13/23 11 pm",7.06
"4/13/23 10 pm",4.942
"4/13/23 9 pm",2.824
"4/13/23 8 pm",7.06
"4/13/23 7 pm",7.766
"4/13/23 6 pm",4.942
"4/13/23 5 pm",9.18
"4/13/23 4 pm",11.3
"4/13/23 3 pm",8.47
"4/13/23 2 pm",12.71
"4/13/23 1 pm",13.41
"4/13/23 12 pm",9.88
"4/13/23 11 am",11.3
"4/13/23 10 am",9.88
"4/13/23 9 am",16.24
"4/13/23 8 am",17.65
"4/13/23 7 am",13.41
"4/13/23 6 am",16.94
"4/13/23 5 am",19.77
"4/13/23 4 am",19.77
"4/13/23 3 am",14.83
"4/13/23 2 am",15.53
"4/13/23 1 am",19.06
"4/13/23 12 am",18.36
"4/12/23 11 pm",14.83
"4/12/23 10 pm",13.41
"4/12/23 9 pm",12
"4/12/23 8 pm",3.53
"4/12/23 7 pm",2.824
"4/12/23 6 pm",8.47
"4/12/23 5 pm",13.41
"4/12/23 4 pm",10.59
"4/12/23 3 pm",8.47
"4/12/23 2 pm",8.47
"4/12/23 1 pm",9.88
"4/12/23 12 pm",8.47
"4/12/23 11 am",4.942
"4/12/23 10 am",5.648
"4/12/23 9 am",7.06
"4/12/23 8 am",11.3
"4/12/23 7 am",13.41
"4/12/23 6 am",14.12
"4/12/23 5 am",10.59
"4/12/23 4 am",12
"4/12/23 3 am",9.88
"4/12/23 2 am",11.3
"4/12/23 1 am",11.3
"4/12/23 12 am",6.354
"4/11/23 11 pm",5.648
"4/11/23 10 pm",4.236
"4/11/23 9 pm",5.648
"4/11/23 8 pm",7.766
"4/11/23 7 pm",10.59
"4/11/23 6 pm",9.88
"4/11/23 5 pm",10.59
"4/11/23 4 pm",11.3
"4/11/23 3 pm",19.77
"4/11/23 2 pm",14.83
"4/11/23 1 pm",16.24
"4/11/23 12 pm",16.94
"4/11/23 11 am",24
"4/11/23 10 am",33.18
"4/11/23 9 am",28.95
"4/11/23 8 am",31.06
"4/11/23 7 am",33.89
"4/11/23 6 am",11.3
"4/11/23 5 am",6.354
"4/11/23 4 am",0.706
"4/11/23 3 am",4.236
"4/11/23 2 am",5.648
"4/11/23 1 am",7.766
"4/11/23 12 am",6.354
"4/10/23 11 pm",9.18
"4/10/23 10 pm",8.47
"4/10/23 9 pm",8.47
"4/10/23 8 pm",6.354
"4/10/23 7 pm",5.648
"4/10/23 6 pm",2.118
"4/10/23 5 pm",8.47
"4/10/23 4 pm",12
"4/10/23 3 pm",11.3
"4/10/23 2 pm",9.88
"4/10/23 1 pm",7.766
"4/10/23 12 pm",7.766
"4/10/23 11 am",7.766
"4/10/23 10 am",4.942
"4/10/23 9 am",5.648
"4/10/23 8 am",14.12
"4/10/23 7 am",13.41
"4/10/23 6 am",6.354
"4/10/23 5 am",7.06
"4/10/23 4 am",6.354
"4/10/23 3 am",1.412
"4/10/23 2 am",3.53
"4/10/23 1 am",0.706
"4/10/23 12 am",5.648
"4/9/23 11 pm",4.942
"4/9/23 10 pm",7.06
"4/9/23 9 pm",15.53
"4/9/23 8 pm",41.65
"4/9/23 7 pm",48.01
"4/9/23 6 pm",57.19
"4/9/23 5 pm",64.25
"4/9/23 4 pm",66.36
"4/9/23 3 pm",63.54
"4/9/23 2 pm",50.83
"4/9/23 1 pm",50.83
"4/9/23 12 pm",50.83
"4/9/23 11 am",48.01
"4/9/23 10 am",49.42
"4/9/23 9 am",40.95
"4/9/23 8 am",38.12
"4/9/23 7 am",38.83
"4/9/23 6 am",47.3
"4/9/23 5 am",43.07
"4/9/23 4 am",26.83
"4/9/23 3 am",33.18
"4/9/23 2 am",31.77
"4/9/23 1 am",37.42
"4/9/23 12 am",33.18
"4/8/23 11 pm",29.65
"4/8/23 10 pm",36.71
"4/8/23 9 pm",33.18
"4/8/23 8 pm",33.18
"4/8/23 7 pm",38.12
"4/8/23 6 pm",30.36
"4/8/23 5 pm",33.18
"4/8/23 4 pm",36.71
"4/8/23 3 pm",36.71
"4/8/23 2 pm",36.71
"4/8/23 1 pm",36.01
"4/8/23 12 pm",33.18
"4/8/23 11 am",43.77
"4/8/23 10 am",50.83
"4/8/23 9 am",47.3
"4/8/23 8 am",43.77
"4/8/23 7 am",41.65
"4/8/23 6 am",49.42
"4/8/23 5 am",49.42
"4/8/23 4 am",41.65
"4/8/23 3 am",46.6
"4/8/23 2 am",40.95
"4/8/23 1 am",40.24
"4/8/23 12 am",44.48
"4/7/23 11 pm",38.83
"4/7/23 10 pm",39.54
"4/7/23 9 pm",38.83
"4/7/23 8 pm",28.95
"4/7/23 7 pm",28.24
"4/7/23 6 pm",21.89
"4/7/23 5 pm",25.42
"4/7/23 4 pm",24.71
"4/7/23 3 pm",29.65
"4/7/23 2 pm",36.01
"4/7/23 1 pm",32.48
"4/7/23 12 pm",23.3
"4/7/23 11 am",21.18
"4/7/23 10 am",19.06
"4/7/23 9 am",20.47
"4/7/23 8 am",17.65
"4/7/23 7 am",19.06
"4/7/23 6 am",23.3
"4/7/23 5 am",28.95
"4/7/23 4 am",28.95
"4/7/23 3 am",37.42
"4/7/23 2 am",34.59
"4/7/23 1 am",36.71
"4/7/23 12 am",24
"4/6/23 11 pm",18.36
"4/6/23 10 pm",14.12
"4/6/23 9 pm",7.766
"4/6/23 8 pm",14.12
"4/6/23 7 pm",14.12
"4/6/23 6 pm",7.766
"4/6/23 5 pm",14.12
"4/6/23 4 pm",17.65
"4/6/23 3 pm",23.3
"4/6/23 2 pm",24
"4/6/23 1 pm",18.36
"4/6/23 12 pm",23.3
"4/6/23 11 am",16.94
"4/6/23 10 am",21.18
"4/6/23 9 am",33.89
"4/6/23 8 am",33.18
"4/6/23 7 am",31.77
"4/6/23 6 am",27.53
"4/6/23 5 am",28.24
"4/6/23 4 am",26.83
"4/6/23 3 am",27.53
"4/6/23 2 am",28.24
"4/6/23 1 am",26.12
"4/6/23 12 am",30.36
"4/5/23 11 pm",25.42
"4/5/23 10 pm",24
"4/5/23 9 pm",29.65
"4/5/23 8 pm",29.65
"4/5/23 7 pm",26.83
"4/5/23 6 pm",25.42
"4/5/23 5 pm",21.89
"4/5/23 4 pm",22.59
"4/5/23 3 pm",24.71
"4/5/23 2 pm",19.06
"4/5/23 1 pm",17.65
"4/5/23 12 pm",19.77
"4/5/23 11 am",19.06
"4/5/23 10 am",19.06
"4/5/23 9 am",19.77
"4/5/23 8 am",16.94
"4/5/23 7 am",16.24
"4/5/23 6 am",18.36
"4/5/23 5 am",16.24
"4/5/23 4 am",16.24
"4/5/23 3 am",13.41
"4/5/23 2 am",12.71
"4/5/23 1 am",10.59
"4/5/23 12 am",13.41
"4/4/23 11 pm",10.59
"4/4/23 10 pm",4.236
"4/4/23 9 pm",4.942
"4/4/23 8 pm",7.06
"4/4/23 7 pm",5.648
"4/4/23 6 pm",3.53
"4/4/23 5 pm",5.648
"4/4/23 4 pm",8.47
"4/4/23 3 pm",9.18
"4/4/23 2 pm",11.3
"4/4/23 1 pm",10.59
"4/4/23 12 pm",6.354
"4/4/23 11 am",6.354
"4/4/23 10 am",2.118
"4/4/23 9 am",4.236
"4/4/23 8 am",2.824
"4/4/23 7 am",1.412
"4/4/23 6 am",4.236
"4/4/23 5 am",8.47
"4/4/23 4 am",9.88
"4/4/23 3 am",10.59
"4/4/23 2 am",6.354
"4/4/23 1 am",8.47
"4/4/23 12 am",9.88
"4/3/23 11 pm",9.18
"4/3/23 10 pm",6.354
"4/3/23 9 pm",5.648
"4/3/23 8 pm",6.354
"4/3/23 7 pm",7.06
"4/3/23 6 pm",8.47
"4/3/23 5 pm",
"4/3/23 4 pm",14.83
"4/3/23 3 pm",12.71
"4/3/23 2 pm",10.59
"4/3/23 1 pm",9.18
"4/3/23 12 pm",5.648
"4/3/23 11 am",4.942
"4/3/23 10 am",6.354
"4/3/23 9 am",5.648
"4/3/23 8 am",4.942
"4/3/23 7 am",6.354
"4/3/23 6 am",4.942
"4/3/23 5 am",5.648
"4/3/23 4 am",7.06
"4/3/23 3 am",6.354
"4/3/23 2 am",4.942
"4/3/23 1 am",5.648
"4/3/23 12 am",5.648
"4/2/23 11 pm",5.648
"4/2/23 10 pm",4.942
"4/2/23 9 pm",2.824
"4/2/23 8 pm",3.53
"4/2/23 7 pm",4.942
"4/2/23 6 pm",7.766
"4/2/23 5 pm",7.766
"4/2/23 4 pm",21.89
"4/2/23 3 pm",14.12
"4/2/23 2 pm",14.83
"4/2/23 1 pm",14.12
"4/2/23 12 pm",7.766
"4/2/23 11 am",11.3
"4/2/23 10 am",9.88
"4/2/23 9 am",16.24
"4/2/23 8 am",23.3
"4/2/23 7 am",22.59
"4/2/23 6 am",25.42
"4/2/23 5 am",28.24
"4/2/23 4 am",26.83
"4/2/23 3 am",29.65
"4/2/23 2 am",28.95
"4/2/23 1 am",14.12
"4/2/23 12 am",5.648
"4/1/23 11 pm",9.18
"4/1/23 10 pm",12
"4/1/23 9 pm",11.3
"4/1/23 8 pm",12
"4/1/23 7 pm",14.12
"4/1/23 6 pm",14.12
"4/1/23 5 pm",16.24
"4/1/23 4 pm",14.83
"4/1/23 3 pm",10.59
"4/1/23 2 pm",16.24
"4/1/23 1 pm",13.41
"4/1/23 12 pm",9.18
"4/1/23 11 am",0
"4/1/23 10 am",7.766
"4/1/23 9 am",10.59
"4/1/23 8 am",15.53
"4/1/23 7 am",10.59
"4/1/23 6 am",10.59
"4/1/23 5 am",9.88
"4/1/23 4 am",14.12
"4/1/23 3 am",14.83
"4/1/23 2 am",25.42
"4/1/23 1 am",35.3
"4/1/23 12 am",36.01
"3/31/23 11 pm",31.06
"3/31/23 10 pm",24.71
"3/31/23 9 pm",38.12
"3/31/23 8 pm",39.54
"3/31/23 7 pm",40.24
"3/31/23 6 pm",33.18
"3/31/23 5 pm",35.3
"3/31/23 4 pm",36.71
"3/31/23 3 pm",39.54
"3/31/23 2 pm",31.06
"3/31/23 1 pm",30.36
"3/31/23 12 pm",37.42
"3/31/23 11 am",34.59
"3/31/23 10 am",33.18
"3/31/23 9 am",32.48
"3/31/23 8 am",33.18
"3/31/23 7 am",31.77
"3/31/23 6 am",34.59
"3/31/23 5 am",33.18
"3/31/23 4 am",32.48
"3/31/23 3 am",35.3
"3/31/23 2 am",28.24
"3/31/23 1 am",26.12
"3/31/23 12 am",25.42
"3/30/23 11 pm",26.12
"3/30/23 10 pm",22.59
"3/30/23 9 pm",26.12
"3/30/23 8 pm",23.3
"3/30/23 7 pm",25.42
"3/30/23 6 pm",27.53
"3/30/23 5 pm",31.06
"3/30/23 4 pm",26.12
"3/30/23 3 pm",21.89
"3/30/23 2 pm",21.18
"3/30/23 1 pm",18.36
"3/30/23 12 pm",16.94
"3/30/23 11 am",13.41
"3/30/23 10 am",9.88
"3/30/23 9 am",5.648
"3/30/23 8 am",6.354
"3/30/23 7 am",9.88
"3/30/23 6 am",14.83
"3/30/23 5 am",15.53
"3/30/23 4 am",15.53
"3/30/23 3 am",13.41
"3/30/23 2 am",11.3
"3/30/23 1 am",11.3
"3/30/23 12 am",9.88
"3/29/23 11 pm",8.47
"3/29/23 10 pm",8.47
"3/29/23 9 pm",12.71
"3/29/23 8 pm",15.53
"3/29/23 7 pm",8.47
"3/29/23 6 pm",7.766
"3/29/23 5 pm",9.88
"3/29/23 4 pm",9.18
"3/29/23 3 pm",12
"3/29/23 2 pm",12
"3/29/23 1 pm",10.59
"3/29/23 12 pm",8.47
"3/29/23 11 am",12
"3/29/23 10 am",9.88
"3/29/23 9 am",9.18
"3/29/23 8 am",5.648
"3/29/23 7 am",10.59
"3/29/23 6 am",11.3
"3/29/23 5 am",12
"3/29/23 4 am",10.59
"3/29/23 3 am",13.41
"3/29/23 2 am",15.53
"3/29/23 1 am",16.94
"3/29/23 12 am",19.77
"3/28/23 11 pm",16.24
"3/28/23 10 pm",12
"3/28/23 9 pm",14.83
"3/28/23 8 pm",27.53
"3/28/23 7 pm",29.65
"3/28/23 6 pm",33.89
"3/28/23 5 pm",27.53
"3/28/23 4 pm",33.89
"3/28/23 3 pm",25.42
"3/28/23 2 pm",30.36
"3/28/23 1 pm",30.36
"3/28/23 12 pm",24.71
"3/28/23 11 am",23.3
"3/28/23 10 am",22.59
"3/28/23 9 am",23.3
"3/28/23 8 am",11.3
"3/28/23 7 am",18.36
"3/28/23 6 am",15.53
"3/28/23 5 am",19.06
"3/28/23 4 am",15.53
"3/28/23 3 am",16.94
"3/28/23 2 am",16.24
"3/28/23 1 am",14.12
"3/28/23 12 am",12
"3/27/23 11 pm",19.06
"3/27/23 10 pm",13.41
"3/27/23 9 pm",13.41
"3/27/23 8 pm",26.12
"3/27/23 7 pm",19.06
"3/27/23 6 pm",14.12
"3/27/23 5 pm",17.65
"3/27/23 4 pm",7.766
"3/27/23 3 pm",11.3
"3/27/23 2 pm",9.88
"3/27/23 1 pm",9.88
"3/27/23 12 pm",10.59
"3/27/23 11 am",9.18
"3/27/23 10 am",7.766
"3/27/23 9 am",7.766
"3/27/23 8 am",7.06
"3/27/23 7 am",4.236
"3/27/23 6 am",5.648
"3/27/23 5 am",5.648
"3/27/23 4 am",4.236
"3/27/23 3 am",4.236
"3/27/23 2 am",3.53
"3/27/23 1 am",0
"3/27/23 12 am",2.824
"3/26/23 11 pm",3.53
"3/26/23 10 pm",6.354
"3/26/23 9 pm",9.18
"3/26/23 8 pm",8.47
"3/26/23 7 pm",12
"3/26/23 6 pm",14.83
"3/26/23 5 pm",13.41
"3/26/23 4 pm",12.71
"3/26/23 3 pm",9.88
"3/26/23 2 pm",7.766
"3/26/23 1 pm",7.766
"3/26/23 12 pm",7.766
"3/26/23 11 am",7.766
"3/26/23 10 am",7.06
"3/26/23 9 am",3.53
"3/26/23 8 am",3.53
"3/26/23 7 am",6.354
"3/26/23 6 am",3.53
"3/26/23 5 am",2.118
"3/26/23 4 am",1.412
"3/26/23 3 am",2.118
"3/26/23 2 am",3.53
"3/26/23 1 am",4.236
"3/26/23 12 am",6.354
"3/25/23 11 pm",4.942
"3/25/23 10 pm",4.236
"3/25/23 9 pm",2.118
"3/25/23 8 pm",3.53
"3/25/23 7 pm",2.118
"3/25/23 6 pm",2.824
"3/25/23 5 pm",1.412
"3/25/23 4 pm",3.53
"3/25/23 3 pm",5.648
"3/25/23 2 pm",4.236
"3/25/23 1 pm",8.47
"3/25/23 12 pm",8.47
"3/25/23 11 am",10.59
"3/25/23 10 am",6.354
"3/25/23 9 am",2.824
"3/25/23 8 am",3.53
"3/25/23 7 am",2.824
"3/25/23 6 am",4.236
"3/25/23 5 am",5.648
"3/25/23 4 am",9.88
"3/25/23 3 am",12
"3/25/23 2 am",12
"3/25/23 1 am",10.59
"3/25/23 12 am",11.3
"3/24/23 11 pm",16.24
"3/24/23 10 pm",12
"3/24/23 9 pm",9.18
"3/24/23 8 pm",12
"3/24/23 7 pm",11.3
"3/24/23 6 pm",17.65
"3/24/23 5 pm",24
"3/24/23 4 pm",29.65
"3/24/23 3 pm",32.48
"3/24/23 2 pm",30.36
"3/24/23 1 pm",28.24
"3/24/23 12 pm",30.36
"3/24/23 11 am",24
"3/24/23 10 am",28.95
"3/24/23 9 am",26.12
"3/24/23 8 am",23.3
"3/24/23 7 am",13.41
"3/24/23 6 am",24
"3/24/23 5 am",23.3
"3/24/23 4 am",15.53
"3/24/23 3 am",5.648
"3/24/23 2 am",4.236
"3/24/23 1 am",11.3
"3/24/23 12 am",10.59
"3/23/23 11 pm",13.41
"3/23/23 10 pm",14.83
"3/23/23 9 pm",21.89
"3/23/23 8 pm",27.53
"3/23/23 7 pm",43.07
"3/23/23 6 pm",50.13
"3/23/23 5 pm",42.36
"3/23/23 4 pm",27.53
"3/23/23 3 pm",20.47
"3/23/23 2 pm",28.95
"3/23/23 1 pm",36.01
"3/23/23 12 pm",32.48
"3/23/23 11 am",43.07
"3/23/23 10 am",44.48
"3/23/23 9 am",45.18
"3/23/23 8 am",45.18
"3/23/23 7 am",50.13
"3/23/23 6 am",43.77
"3/23/23 5 am",33.89
"3/23/23 4 am",24.71
"3/23/23 3 am",16.94
"3/23/23 2 am",13.41
"3/23/23 1 am",14.12
"3/23/23 12 am",16.24
"3/22/23 11 pm",18.36
"3/22/23 10 pm",12
"3/22/23 9 pm",13.41
"3/22/23 8 pm",12
"3/22/23 7 pm",7.06
"3/22/23 6 pm",6.354
"3/22/23 5 pm",12
"3/22/23 4 pm",13.41
"3/22/23 3 pm",12
"3/22/23 2 pm",14.12
"3/22/23 1 pm",15.53
"3/22/23 12 pm",12.71
"3/22/23 11 am",14.12
"3/22/23 10 am",12.71
"3/22/23 9 am",9.18
"3/22/23 8 am",9.18
"3/22/23 7 am",7.766
"3/22/23 6 am",11.3
"3/22/23 5 am",13.41
"3/22/23 4 am",12.71
"3/22/23 3 am",6.354
"3/22/23 2 am",9.88
"3/22/23 1 am",9.88
"3/22/23 12 am",6.354
"3/21/23 11 pm",4.942
"3/21/23 10 pm",5.648
"3/21/23 9 pm",6.354
"3/21/23 8 pm",6.354
"3/21/23 7 pm",7.06
"3/21/23 6 pm",4.236
"3/21/23 5 pm",3.53
"3/21/23 4 pm",9.88
"3/21/23 3 pm",13.41
"3/21/23 2 pm",9.18
"3/21/23 1 pm",5.648
"3/21/23 12 pm",7.06
"3/21/23 11 am",4.236
"3/21/23 10 am",4.236
"3/21/23 9 am",5.648
"3/21/23 8 am",4.236
"3/21/23 7 am",2.824
"3/21/23 6 am",2.824
"3/21/23 5 am",3.53
"3/21/23 4 am",3.53
"3/21/23 3 am",2.824
"3/21/23 2 am",2.824
"3/21/23 1 am",4.942
"3/21/23 12 am",4.942
"3/20/23 11 pm",4.942
"3/20/23 10 pm",2.824
"3/20/23 9 pm",4.942
"3/20/23 8 pm",6.354
"3/20/23 7 pm",8.47
"3/20/23 6 pm",9.18
"3/20/23 5 pm",9.88
"3/20/23 4 pm",10.59
"3/20/23 3 pm",12
"3/20/23 2 pm",14.12
"3/20/23 1 pm",10.59
"3/20/23 12 pm",9.18
"3/20/23 11 am",9.18
"3/20/23 10 am",7.06
"3/20/23 9 am",5.648
"3/20/23 8 am",2.824
"3/20/23 7 am",7.06
"3/20/23 6 am",4.942
"3/20/23 5 am",2.824
"3/20/23 4 am",8.47
"3/20/23 3 am",4.942
"3/20/23 2 am",8.47
"3/20/23 1 am",4.942
"3/20/23 12 am",9.88
"3/19/23 11 pm",8.47
"3/19/23 10 pm",10.59
"3/19/23 9 pm",13.41
"3/19/23 8 pm",21.18
"3/19/23 7 pm",7.06
"3/19/23 6 pm",6.354
"3/19/23 5 pm",6.354
"3/19/23 4 pm",13.41
"3/19/23 3 pm",16.24
"3/19/23 2 pm",20.47
"3/19/23 1 pm",16.94
"3/19/23 12 pm",12
"3/19/23 11 am",11.3
"3/19/23 10 am",10.59
"3/19/23 9 am",9.18
"3/19/23 8 am",5.648
"3/19/23 7 am",7.766
"3/19/23 6 am",8.47
"3/19/23 5 am",8.47
"3/19/23 4 am",7.06
"3/19/23 3 am",11.3
"3/19/23 2 am",7.06
"3/19/23 1 am",7.06
"3/19/23 12 am",8.47
"3/18/23 11 pm",8.47
"3/18/23 10 pm",9.18
"3/18/23 9 pm",7.766
"3/18/23 8 pm",4.942
"3/18/23 7 pm",8.47
"3/18/23 6 pm",12
"3/18/23 5 pm",19.06
"3/18/23 4 pm",16.94
"3/18/23 3 pm",20.47
"3/18/23 2 pm",19.77
"3/18/23 1 pm",13.41
"3/18/23 12 pm",14.83
"3/18/23 11 am",16.24
"3/18/23 10 am",14.83
"3/18/23 9 am",10.59
"3/18/23 8 am",12.71
"3/18/23 7 am",13.41
"3/18/23 6 am",13.41
"3/18/23 5 am",16.24
"3/18/23 4 am",13.41
"3/18/23 3 am",14.83
"3/18/23 2 am",15.53
"3/18/23 1 am",16.24
"3/18/23 12 am",11.3
"3/17/23 11 pm",12
"3/17/23 10 pm",12.71
"3/17/23 9 pm",12.71
"3/17/23 8 pm",12.71
"3/17/23 7 pm",7.06
"3/17/23 6 pm",9.88
"3/17/23 5 pm",9.18
"3/17/23 4 pm",14.83
"3/17/23 3 pm",16.94
"3/17/23 2 pm",16.94
"3/17/23 1 pm",16.94
"3/17/23 12 pm",18.36
"3/17/23 11 am",16.24
"3/17/23 10 am",14.12
"3/17/23 9 am",14.12
"3/17/23 8 am",16.24
"3/17/23 7 am",15.53
"3/17/23 6 am",15.53
"3/17/23 5 am",19.06
"3/17/23 4 am",16.24
"3/17/23 3 am",17.65
"3/17/23 2 am",19.77
"3/17/23 1 am",19.06
"3/17/23 12 am",19.77
"3/16/23 11 pm",18.36
"3/16/23 10 pm",16.94
"3/16/23 9 pm",11.3
"3/16/23 8 pm",7.766
"3/16/23 7 pm",6.354
"3/16/23 6 pm",0
"3/16/23 5 pm",4.236
"3/16/23 4 pm",4.236
"3/16/23 3 pm",5.648
"3/16/23 2 pm",5.648
"3/16/23 1 pm",8.47
"3/16/23 12 pm",11.3
"3/16/23 11 am",8.47
"3/16/23 10 am",11.3
"3/16/23 9 am",14.12
"3/16/23 8 am",17.65
"3/16/23 7 am",18.36
"3/16/23 6 am",14.12
"3/16/23 5 am",5.648
"3/16/23 4 am",7.06
"3/16/23 3 am",8.47
"3/16/23 2 am",7.766
"3/16/23 1 am",6.354
"3/16/23 12 am",7.766
"3/15/23 11 pm",7.766
"3/15/23 10 pm",6.354
"3/15/23 9 pm",5.648
"3/15/23 8 pm",11.3
"3/15/23 7 pm",4.942
"3/15/23 6 pm",6.354
"3/15/23 5 pm",8.47
"3/15/23 4 pm",5.648
"3/15/23 3 pm",9.18
"3/15/23 2 pm",6.354
"3/15/23 1 pm",6.354
"3/15/23 12 pm",9.88
"3/15/23 11 am",12
"3/15/23 10 am",13.41
"3/15/23 9 am",8.47
"3/15/23 8 am",9.88
"3/15/23 7 am",9.18
"3/15/23 6 am",9.18
"3/15/23 5 am",21.18
"3/15/23 4 am",13.41
"3/15/23 3 am",13.41
"3/15/23 2 am",14.83
"3/15/23 1 am",15.53
"3/15/23 12 am",14.83
"3/14/23 11 pm",12
"3/14/23 10 pm",11.3
"3/14/23 9 pm",10.59
"3/14/23 8 pm",13.41
"3/14/23 7 pm",12.71
"3/14/23 6 pm",10.59
"3/14/23 5 pm",7.06
"3/14/23 4 pm",7.06
"3/14/23 3 pm",7.766
"3/14/23 2 pm",8.47
"3/14/23 1 pm",12
"3/14/23 12 pm",15.53
"3/14/23 11 am",17.65
"3/14/23 10 am",16.94
"3/14/23 9 am",19.06
"3/14/23 8 am",22.59
"3/14/23 7 am",23.3
"3/14/23 6 am",24.71
"3/14/23 5 am",
"3/14/23 4 am",11.3
"3/14/23 3 am",9.88
"3/14/23 2 am",9.88
"3/14/23 1 am",7.06
"3/14/23 12 am",11.3
"3/13/23 11 pm",14.12
"3/13/23 10 pm",19.06
"3/13/23 9 pm",18.36
"3/13/23 8 pm",7.766
"3/13/23 7 pm",10.59
"3/13/23 6 pm",6.354
"3/13/23 5 pm",3.53
"3/13/23 4 pm",11.3
"3/13/23 3 pm",14.12
"3/13/23 2 pm",21.89
"3/13/23 1 pm",14.83
"3/13/23 12 pm",16.24
"3/13/23 11 am",21.89
"3/13/23 10 am",23.3
"3/13/23 9 am",21.89
"3/13/23 8 am",15.53
"3/13/23 7 am",20.47
"3/13/23 6 am",24.71
"3/13/23 5 am",27.53
"3/13/23 4 am",24.71
"3/13/23 3 am",30.36
"3/13/23 2 am",33.89
"3/13/23 1 am",35.3
"3/13/23 12 am",31.77
"3/12/23 11 pm",29.65
"3/12/23 10 pm",28.24
"3/12/23 9 pm",28.24
"3/12/23 8 pm",27.53
"3/12/23 7 pm",26.83
"3/12/23 6 pm",19.77
"3/12/23 5 pm",19.77
"3/12/23 4 pm",24.71
"3/12/23 3 pm",14.83
"3/12/23 2 pm",12.71
"3/12/23 1 pm",35.3
"3/12/23 12 pm",26.83
"3/12/23 11 am",18.36
"3/12/23 10 am",19.77
"3/12/23 9 am",14.12
"3/12/23 8 am",14.83
"3/12/23 7 am",12.71
"3/12/23 6 am",15.53
"3/12/23 5 am",21.89
"3/12/23 4 am",19.77
"3/12/23 3 am",13.41
"3/12/23 2 am",8.47
"3/12/23 1 am",7.766
"3/12/23 12 am",4.942
"3/11/23 11 pm",14.83
"3/11/23 10 pm",21.89
"3/11/23 9 pm",17.65
"3/11/23 8 pm",16.24
"3/11/23 7 pm",16.94
"3/11/23 6 pm",19.77
"3/11/23 5 pm",21.18
"3/11/23 4 pm",26.12
"3/11/23 3 pm",28.95
"3/11/23 2 pm",31.06
"3/11/23 1 pm",23.3
"3/11/23 12 pm",24
"3/11/23 11 am",18.36
"3/11/23 10 am",21.89
"3/11/23 9 am",24.71
"3/11/23 8 am",31.06
"3/11/23 7 am",31.77
"3/11/23 6 am",40.24
"3/11/23 5 am",33.89
"3/11/23 4 am",26.12
"3/11/23 3 am",9.88
"3/11/23 2 am",12
"3/11/23 1 am",9.88
"3/11/23 12 am",12.71
"3/10/23 11 pm",14.12
"3/10/23 10 pm",11.3
"3/10/23 9 pm",13.41
"3/10/23 8 pm",12.71
"3/10/23 7 pm",13.41
"3/10/23 6 pm",14.12
"3/10/23 5 pm",11.3
"3/10/23 4 pm",11.3
"3/10/23 3 pm",8.47
"3/10/23 2 pm",7.766
"3/10/23 1 pm",12.71
"3/10/23 12 pm",11.3
"3/10/23 11 am",10.59
"3/10/23 10 am",6.354
"3/10/23 9 am",4.236
"3/10/23 8 am",5.648
"3/10/23 7 am",5.648
"3/10/23 6 am",3.53
"3/10/23 5 am",10.59
"3/10/23 4 am",12
"3/10/23 3 am",12.71
"3/10/23 2 am",11.3
"3/10/23 1 am",13.41
"3/10/23 12 am",16.24
"3/9/23 11 pm",12
"3/9/23 10 pm",14.12
"3/9/23 9 pm",9.88
"3/9/23 8 pm",8.47
"3/9/23 7 pm",11.3
"3/9/23 6 pm",6.354
"3/9/23 5 pm",5.648
"3/9/23 4 pm",12.71
"3/9/23 3 pm",22.59
"3/9/23 2 pm",14.12
"3/9/23 1 pm",14.83
"3/9/23 12 pm",16.94
"3/9/23 11 am",7.766
"3/9/23 10 am",7.06
"3/9/23 9 am",7.766
"3/9/23 8 am",5.648
"3/9/23 7 am",4.942
"3/9/23 6 am",7.766
"3/9/23 5 am",5.648
"3/9/23 4 am",6.354
"3/9/23 3 am",9.88
"3/9/23 2 am",5.648
"3/9/23 1 am",9.18
"3/9/23 12 am",5.648
"3/8/23 11 pm",9.18
"3/8/23 10 pm",7.06
"3/8/23 9 pm",7.06
"3/8/23 8 pm",4.942
"3/8/23 7 pm",9.88
"3/8/23 6 pm",7.06
"3/8/23 5 pm",5.648
"3/8/23 4 pm",7.766
"3/8/23 3 pm",9.18
"3/8/23 2 pm",14.83
"3/8/23 1 pm",9.88
"3/8/23 12 pm",4.942
"3/8/23 11 am",4.236
"3/8/23 10 am",7.06
"3/8/23 9 am",4.236
"3/8/23 8 am",5.648
"3/8/23 7 am",6.354
"3/8/23 6 am",3.53
"3/8/23 5 am",4.942
"3/8/23 4 am",5.648
"3/8/23 3 am",9.18
"3/8/23 2 am",7.06
"3/8/23 1 am",8.47
"3/8/23 12 am",7.766
"3/7/23 11 pm",9.18
"3/7/23 10 pm",7.766
"3/7/23 9 pm",9.88
"3/7/23 8 pm",10.59
"3/7/23 7 pm",7.06
"3/7/23 6 pm",9.88
"3/7/23 5 pm",7.766
"3/7/23 4 pm",4.942
"3/7/23 3 pm",8.47
"3/7/23 2 pm",14.83
"3/7/23 1 pm",13.41
"3/7/23 12 pm",14.83
"3/7/23 11 am",11.3
"3/7/23 10 am",6.354
"3/7/23 9 am",6.354
"3/7/23 8 am",10.59
"3/7/23 7 am",14.12
"3/7/23 6 am",14.12
"3/7/23 5 am",12.71
"3/7/23 4 am",14.12
"3/7/23 3 am",11.3
"3/7/23 2 am",10.59
"3/7/23 1 am",8.47
"3/7/23 12 am",13.41
"3/6/23 11 pm",17.65
"3/6/23 10 pm",15.53
"3/6/23 9 pm",12
"3/6/23 8 pm",15.53
"3/6/23 7 pm",15.53
"3/6/23 6 pm",17.65
"3/6/23 5 pm",16.94
"3/6/23 4 pm",13.41
"3/6/23 3 pm",16.24
"3/6/23 2 pm",16.94
"3/6/23 1 pm",19.77
"3/6/23 12 pm",14.83
"3/6/23 11 am",7.766
"3/6/23 10 am",7.06
"3/6/23 9 am",9.88
"3/6/23 8 am",8.47
"3/6/23 7 am",12
"3/6/23 6 am",14.12
"3/6/23 5 am",12.71
"3/6/23 4 am",11.3
"3/6/23 3 am",14.83
"3/6/23 2 am",17.65
"3/6/23 1 am",16.24
"3/6/23 12 am",14.12
"3/5/23 11 pm",9.88
"3/5/23 10 pm",10.59
"3/5/23 9 pm",4.942
"3/5/23 8 pm",4.942
"3/5/23 7 pm",8.47
"3/5/23 6 pm",9.88
"3/5/23 5 pm",9.18
"3/5/23 4 pm",11.3
"3/5/23 3 pm",7.06
"3/5/23 2 pm",7.766
"3/5/23 1 pm",6.354
"3/5/23 12 pm",7.06
"3/5/23 11 am",11.3
"3/5/23 10 am",8.47
"3/5/23 9 am",4.942
"3/5/23 8 am",4.942
"3/5/23 7 am",4.942
"3/5/23 6 am",4.942
"3/5/23 5 am",2.118
"3/5/23 4 am",1.412
"3/5/23 3 am",3.53
"3/5/23 2 am",4.236
"3/5/23 1 am",7.06
"3/5/23 12 am",8.47
"3/4/23 11 pm",7.06
"3/4/23 10 pm",16.94
"3/4/23 9 pm",15.53
"3/4/23 8 pm",9.88
"3/4/23 7 pm",9.18
"3/4/23 6 pm",9.88
"3/4/23 5 pm",19.06
"3/4/23 4 pm",27.53
"3/4/23 3 pm",22.59
"3/4/23 2 pm",9.88
"3/4/23 1 pm",10.59
"3/4/23 12 pm",12.71
"3/4/23 11 am",12.71
"3/4/23 10 am",17.65
"3/4/23 9 am",3.53
"3/4/23 8 am",4.942
"3/4/23 7 am",11.3
"3/4/23 6 am",9.88
"3/4/23 5 am",7.766
"3/4/23 4 am",14.12
"3/4/23 3 am",8.47
"3/4/23 2 am",6.354
"3/4/23 1 am",16.94
"3/4/23 12 am",18.36
"3/3/23 11 pm",19.77
"3/3/23 10 pm",21.89
"3/3/23 9 pm",15.53
"3/3/23 8 pm",23.3
"3/3/23 7 pm",26.83
"3/3/23 6 pm",21.18
"3/3/23 5 pm",24
"3/3/23 4 pm",36.01
"3/3/23 3 pm",33.18
"3/3/23 2 pm",22.59
"3/3/23 1 pm",14.83
"3/3/23 12 pm",16.24
"3/3/23 11 am",14.83
"3/3/23 10 am",17.65
"3/3/23 9 am",16.24
"3/3/23 8 am",16.94
"3/3/23 7 am",12.71
"3/3/23 6 am",16.24
"3/3/23 5 am",21.18
"3/3/23 4 am",12.71
"3/3/23 3 am",13.41
"3/3/23 2 am",14.12
"3/3/23 1 am",11.3
"3/3/23 12 am",15.53
"3/2/23 11 pm",12
"3/2/23 10 pm",14.12
"3/2/23 9 pm",17.65
"3/2/23 8 pm",15.53
"3/2/23 7 pm",22.59
"3/2/23 6 pm",20.47
"3/2/23 5 pm",16.94
"3/2/23 4 pm",18.36
"3/2/23 3 pm",27.53
"3/2/23 2 pm",21.18
"3/2/23 1 pm",30.36
"3/2/23 12 pm",19.77
"3/2/23 11 am",16.94
"3/2/23 10 am",26.12
"3/2/23 9 am",39.54
"3/2/23 8 am",44.48
"3/2/23 7 am",48.71
"3/2/23 6 am",55.07
"3/2/23 5 am",57.19
"3/2/23 4 am",60.01
"3/2/23 3 am",52.95
"3/2/23 2 am",56.48
"3/2/23 1 am",55.07
"3/2/23 12 am",50.83
"3/1/23 11 pm",48.01
"3/1/23 10 pm",36.71
"3/1/23 9 pm",33.18
"3/1/23 8 pm",18.36
"3/1/23 7 pm",12
"3/1/23 6 pm",12.71
"3/1/23 5 pm",13.41
"3/1/23 4 pm",12
"3/1/23 3 pm",14.12
"3/1/23 2 pm",16.24
"3/1/23 1 pm",13.41
"3/1/23 12 pm",12.71
"3/1/23 11 am",12.71
"3/1/23 10 am",11.3
"3/1/23 9 am",10.59
"3/1/23 8 am",10.59
"3/1/23 7 am",16.24
"3/1/23 6 am",16.24
"3/1/23 5 am",8.47
"3/1/23 4 am",7.06
"3/1/23 3 am",5.648
"3/1/23 2 am",6.354
"3/1/23 1 am",4.236
"3/1/23 12 am",2.118
"2/28/23 11 pm",0
"2/28/23 10 pm",4.942
"2/28/23 9 pm",7.766
"2/28/23 8 pm",7.766
"2/28/23 7 pm",6.354
"2/28/23 6 pm",9.18
"2/28/23 5 pm",12.71
"2/28/23 4 pm",20.47
"2/28/23 3 pm",24.71
"2/28/23 2 pm",25.42
"2/28/23 1 pm",26.83
"2/28/23 12 pm",32.48
"2/28/23 11 am",30.36
"2/28/23 10 am",33.18
"2/28/23 9 am",24.71
"2/28/23 8 am",21.89
"2/28/23 7 am",14.83
"2/28/23 6 am",9.18
"2/28/23 5 am",6.354
"2/28/23 4 am",7.766
"2/28/23 3 am",13.41
"2/28/23 2 am",13.41
"2/28/23 1 am",15.53
"2/28/23 12 am",12
"2/27/23 11 pm",13.41
"2/27/23 10 pm",11.3
"2/27/23 9 pm",10.59
"2/27/23 8 pm",14.12
"2/27/23 7 pm",14.12
"2/27/23 6 pm",14.12
"2/27/23 5 pm",15.53
"2/27/23 4 pm",17.65
"2/27/23 3 pm",14.83
"2/27/23 2 pm",10.59
"2/27/23 1 pm",9.18
"2/27/23 12 pm",19.77
"2/27/23 11 am",12
"2/27/23 10 am",21.89
"2/27/23 9 am",18.36
"2/27/23 8 am",7.06
"2/27/23 7 am",14.12
"2/27/23 6 am",24
"2/27/23 5 am",24.71
"2/27/23 4 am",22.59
"2/27/23 3 am",26.12
"2/27/23 2 am",12
"2/27/23 1 am",8.47
"2/27/23 12 am",11.3
"2/26/23 11 pm",12
"2/26/23 10 pm",10.59
"2/26/23 9 pm",16.24
"2/26/23 8 pm",12.71
"2/26/23 7 pm",19.77
"2/26/23 6 pm",21.89
"2/26/23 5 pm",19.77
"2/26/23 4 pm",22.59
"2/26/23 3 pm",26.83
"2/26/23 2 pm",19.77
"2/26/23 1 pm",26.83
"2/26/23 12 pm",28.95
"2/26/23 11 am",15.53
"2/26/23 10 am",28.24
"2/26/23 9 am",25.42
"2/26/23 8 am",36.01
"2/26/23 7 am",38.12
"2/26/23 6 am",38.12
"2/26/23 5 am",36.01
"2/26/23 4 am",36.71
"2/26/23 3 am",41.65
"2/26/23 2 am",42.36
"2/26/23 1 am",43.77
"2/26/23 12 am",48.01
"2/25/23 11 pm",50.13
"2/25/23 10 pm",45.18
"2/25/23 9 pm",48.01
"2/25/23 8 pm",51.54
"2/25/23 7 pm",45.18
"2/25/23 6 pm",44.48
"2/25/23 5 pm",48.01
"2/25/23 4 pm",57.19
"2/25/23 3 pm",55.07
"2/25/23 2 pm",52.95
"2/25/23 1 pm",40.95
"2/25/23 12 pm",35.3
"2/25/23 11 am",29.65
"2/25/23 10 am",27.53
"2/25/23 9 am",24
"2/25/23 8 am",17.65
"2/25/23 7 am",17.65
"2/25/23 6 am",19.06
"2/25/23 5 am",22.59
"2/25/23 4 am",19.06
"2/25/23 3 am",14.83
"2/25/23 2 am",14.83
"2/25/23 1 am",21.89
"2/25/23 12 am",21.89
"2/24/23 11 pm",26.12
"2/24/23 10 pm",19.06
"2/24/23 9 pm",22.59
"2/24/23 8 pm",19.77
"2/24/23 7 pm",15.53
"2/24/23 6 pm",16.94
"2/24/23 5 pm",12.71
"2/24/23 4 pm",13.41
"2/24/23 3 pm",11.3
"2/24/23 2 pm",19.06
"2/24/23 1 pm",16.94
"2/24/23 12 pm",16.24
"2/24/23 11 am",14.83
"2/24/23 10 am",16.24
"2/24/23 9 am",14.83
"2/24/23 8 am",12.71
"2/24/23 7 am",0
"2/24/23 6 am",0
"2/24/23 5 am",12.71
"2/24/23 4 am",14.12
"2/24/23 3 am",9.88
"2/24/23 2 am",0
"2/24/23 1 am",5.648
"2/24/23 12 am",5.648
"2/23/23 11 pm",6.354
"2/23/23 10 pm",6.354
"2/23/23 9 pm",4.942
"2/23/23 8 pm",9.18
"2/23/23 7 pm",5.648
"2/23/23 6 pm",14.12
"2/23/23 5 pm",7.766
"2/23/23 4 pm",5.648
"2/23/23 3 pm",1.412
"2/23/23 2 pm",2.824
"2/23/23 1 pm",4.942
"2/23/23 12 pm",2.824
"2/23/23 11 am",7.06
"2/23/23 10 am",2.824
"2/23/23 9 am",2.824
"2/23/23 8 am",2.118
"2/23/23 7 am",2.824
"2/23/23 6 am",2.118
"2/23/23 5 am",2.824
"2/23/23 4 am",1.412
"2/23/23 3 am",1.412
"2/23/23 2 am",1.412
"2/23/23 1 am",1.412
"2/23/23 12 am",0.706
"2/22/23 11 pm",0.706
"2/22/23 10 pm",0.706
"2/22/23 9 pm",1.412
"2/22/23 8 pm",1.412
"2/22/23 7 pm",1.412
"2/22/23 6 pm",0.706
"2/22/23 5 pm",2.118
"2/22/23 4 pm",2.118
"2/22/23 3 pm",2.118
"2/22/23 2 pm",1.412
"2/22/23 1 pm",2.118
"2/22/23 12 pm",0
"2/22/23 11 am",0
"2/22/23 10 am",0.706
"2/22/23 9 am",0
"2/22/23 8 am",0
"2/22/23 7 am",0
"2/22/23 6 am",2.118
"2/22/23 5 am",2.824
"2/22/23 4 am",2.118
"2/22/23 3 am",1.412
"2/22/23 2 am",2.118
"2/22/23 1 am",2.824
"2/22/23 12 am",2.824
"2/21/23 11 pm",2.118
"2/21/23 10 pm",3.53
"2/21/23 9 pm",5.648
"2/21/23 8 pm",4.236
"2/21/23 7 pm",1.412
"2/21/23 6 pm",1.412
"2/21/23 5 pm",1.412
"2/21/23 4 pm",2.118
"2/21/23 3 pm",2.118
"2/21/23 2 pm",2.118
"2/21/23 1 pm",
"2/21/23 12 pm",7.06
"2/21/23 11 am",7.766
"2/21/23 10 am",6.354
"2/21/23 9 am",12
"2/21/23 8 am",16.94
"2/21/23 7 am",12
"2/21/23 6 am",9.88
"2/21/23 5 am",10.59
"2/21/23 4 am",12
"2/21/23 3 am",14.12
"2/21/23 2 am",15.53
"2/21/23 1 am",10.59
"2/21/23 12 am",12
"2/20/23 11 pm",14.83
"2/20/23 10 pm",24
"2/20/23 9 pm",24
"2/20/23 8 pm",25.42
"2/20/23 7 pm",22.59
"2/20/23 6 pm",38.12
"2/20/23 5 pm",36.01
"2/20/23 4 pm",28.95
"2/20/23 3 pm",26.83
"2/20/23 2 pm",32.48
"2/20/23 1 pm",32.48
"2/20/23 12 pm",23.3
"2/20/23 11 am",20.47
"2/20/23 10 am",16.24
"2/20/23 9 am",16.24
"2/20/23 8 am",17.65
"2/20/23 7 am",17.65
"2/20/23 6 am",12.71
"2/20/23 5 am",12.71
"2/20/23 4 am",14.12
"2/20/23 3 am",14.83
"2/20/23 2 am",13.41
"2/20/23 1 am",16.24
"2/20/23 12 am",16.94
"2/19/23 11 pm",17.65
"2/19/23 10 pm",16.94
"2/19/23 9 pm",16.94
"2/19/23 8 pm",15.53
"2/19/23 7 pm",14.83
"2/19/23 6 pm",13.41
"2/19/23 5 pm",15.53
"2/19/23 4 pm",18.36
"2/19/23 3 pm",19.77
"2/19/23 2 pm",16.24
"2/19/23 1 pm",14.83
"2/19/23 12 pm",16.94
"2/19/23 11 am",17.65
"2/19/23 10 am",17.65
"2/19/23 9 am",16.24
"2/19/23 8 am",16.94
"2/19/23 7 am",13.41
"2/19/23 6 am",14.83
"2/19/23 5 am",16.94
"2/19/23 4 am",9.88
"2/19/23 3 am",13.41
"2/19/23 2 am",7.766
"2/19/23 1 am",12
"2/19/23 12 am",16.24
"2/18/23 11 pm",15.53
"2/18/23 10 pm",14.83
"2/18/23 9 pm",12.71
"2/18/23 8 pm",11.3
"2/18/23 7 pm",8.47
"2/18/23 6 pm",4.942
"2/18/23 5 pm",6.354
"2/18/23 4 pm",4.236
"2/18/23 3 pm",5.648
"2/18/23 2 pm",10.59
"2/18/23 1 pm",15.53
"2/18/23 12 pm",6.354
"2/18/23 11 am",7.06
"2/18/23 10 am",7.766
"2/18/23 9 am",14.12
"2/18/23 8 am",9.88
"2/18/23 7 am",12.71
"2/18/23 6 am",14.12
"2/18/23 5 am",15.53
"2/18/23 4 am",14.83
"2/18/23 3 am",9.88
"2/18/23 2 am",12.71
"2/18/23 1 am",8.47
"2/18/23 12 am",10.59
"2/17/23 11 pm",10.59
"2/17/23 10 pm",6.354
"2/17/23 9 pm",8.47
"2/17/23 8 pm",14.83
"2/17/23 7 pm",16.94
"2/17/23 6 pm",21.89
"2/17/23 5 pm",24.71
"2/17/23 4 pm",17.65
"2/17/23 3 pm",19.06
"2/17/23 2 pm",19.77
"2/17/23 1 pm",12
"2/17/23 12 pm",14.83
"2/17/23 11 am",11.3
"2/17/23 10 am",7.766
"2/17/23 9 am",7.766
"2/17/23 8 am",9.18
"2/17/23 7 am",10.59
"2/17/23 6 am",12.71
"2/17/23 5 am",13.41
"2/17/23 4 am",15.53
"2/17/23 3 am",16.24
"2/17/23 2 am",19.06
"2/17/23 1 am",28.24
"2/17/23 12 am",28.95
"2/16/23 11 pm",31.06
"2/16/23 10 pm",33.18
"2/16/23 9 pm",28.95
"2/16/23 8 pm",28.24
"2/16/23 7 pm",28.95
"2/16/23 6 pm",38.12
"2/16/23 5 pm",37.42
"2/16/23 4 pm",40.24
"2/16/23 3 pm",41.65
"2/16/23 2 pm",39.54
"2/16/23 1 pm",39.54
"2/16/23 12 pm",38.12
"2/16/23 11 am",40.24
"2/16/23 10 am",44.48
"2/16/23 9 am",34.59
"2/16/23 8 am",34.59
"2/16/23 7 am",33.89
"2/16/23 6 am",36.71
"2/16/23 5 am",34.59
"2/16/23 4 am",31.06
"2/16/23 3 am",22.59
"2/16/23 2 am",24.71
"2/16/23 1 am",19.06
"2/16/23 12 am",21.89
"2/15/23 11 pm",19.77
"2/15/23 10 pm",14.83
"2/15/23 9 pm",12.71
"2/15/23 8 pm",11.3
"2/15/23 7 pm",11.3
"2/15/23 6 pm",9.18
"2/15/23 5 pm",8.47
"2/15/23 4 pm",12
"2/15/23 3 pm",14.83
"2/15/23 2 pm",12.71
"2/15/23 1 pm",9.88
"2/15/23 12 pm",9.18
"2/15/23 11 am",7.766
"2/15/23 10 am",6.354
"2/15/23 9 am",4.942
"2/15/23 8 am",4.942
"2/15/23 7 am",4.236
"2/15/23 6 am",4.236
"2/15/23 5 am",4.942
"2/15/23 4 am",4.942
"2/15/23 3 am",9.18
"2/15/23 2 am",10.59
"2/15/23 1 am",4.236
"2/15/23 12 am",2.824
"2/14/23 11 pm",4.236
"2/14/23 10 pm",5.648
"2/14/23 9 pm",5.648
"2/14/23 8 pm",4.942
"2/14/23 7 pm",6.354
"2/14/23 6 pm",6.354
"2/14/23 5 pm",5.648
"2/14/23 4 pm",6.354
"2/14/23 3 pm",9.88
"2/14/23 2 pm",9.18
"2/14/23 1 pm",9.88
"2/14/23 12 pm",11.3
"2/14/23 11 am",11.3
"2/14/23 10 am",13.41
"2/14/23 9 am",11.3
"2/14/23 8 am",8.47
"2/14/23 7 am",7.766
"2/14/23 6 am",7.06
"2/14/23 5 am",6.354
"2/14/23 4 am",5.648
"2/14/23 3 am",4.236
"2/14/23 2 am",7.06
"2/14/23 1 am",9.18
"2/14/23 12 am",13.41
"2/13/23 11 pm",15.53
"2/13/23 10 pm",14.83
"2/13/23 9 pm",13.41
"2/13/23 8 pm",10.59
"2/13/23 7 pm",15.53
"2/13/23 6 pm",14.12
"2/13/23 5 pm",7.766
"2/13/23 4 pm",5.648
"2/13/23 3 pm",6.354
"2/13/23 2 pm",9.88
"2/13/23 1 pm",12
"2/13/23 12 pm",10.59
"2/13/23 11 am",10.59
"2/13/23 10 am",9.88
"2/13/23 9 am",14.12
"2/13/23 8 am",21.18
"2/13/23 7 am",21.18
"2/13/23 6 am",12
"2/13/23 5 am",15.53
"2/13/23 4 am",13.41
"2/13/23 3 am",16.24
"2/13/23 2 am",13.41
"2/13/23 1 am",21.89
"2/13/23 12 am",24.71
"2/12/23 11 pm",28.24
"2/12/23 10 pm",31.77
"2/12/23 9 pm",41.65
"2/12/23 8 pm",40.24
"2/12/23 7 pm",35.3
"2/12/23 6 pm",35.3
"2/12/23 5 pm",26.83
"2/12/23 4 pm",25.42
"2/12/23 3 pm",30.36
"2/12/23 2 pm",35.3
"2/12/23 1 pm",21.89
"2/12/23 12 pm",23.3
"2/12/23 11 am",20.47
"2/12/23 10 am",19.06
"2/12/23 9 am",18.36
"2/12/23 8 am",20.47
"2/12/23 7 am",18.36
"2/12/23 6 am",15.53
"2/12/23 5 am",14.83
"2/12/23 4 am",14.83
"2/12/23 3 am",14.83
"2/12/23 2 am",16.94
"2/12/23 1 am",16.24
"2/12/23 12 am",16.24
"2/11/23 11 pm",18.36
"2/11/23 10 pm",18.36
"2/11/23 9 pm",17.65
"2/11/23 8 pm",16.94
"2/11/23 7 pm",19.06
"2/11/23 6 pm",15.53
"2/11/23 5 pm",12.71
"2/11/23 4 pm",12.71
"2/11/23 3 pm",14.83
"2/11/23 2 pm",9.88
"2/11/23 1 pm",12
"2/11/23 12 pm",13.41
"2/11/23 11 am",9.88
"2/11/23 10 am",9.88
"2/11/23 9 am",8.47
"2/11/23 8 am",6.354
"2/11/23 7 am",4.942
"2/11/23 6 am",8.47
"2/11/23 5 am",7.766
"2/11/23 4 am",9.18
"2/11/23 3 am",9.88
"2/11/23 2 am",1.412
"2/11/23 1 am",3.53
"2/11/23 12 am",4.236
"2/10/23 11 pm",4.236
"2/10/23 10 pm",3.53
"2/10/23 9 pm",3.53
"2/10/23 8 pm",3.53
"2/10/23 7 pm",16.94
"2/10/23 6 pm",14.83
"2/10/23 5 pm",16.94
"2/10/23 4 pm",19.06
"2/10/23 3 pm",19.77
"2/10/23 2 pm",19.06
"2/10/23 1 pm",20.47
"2/10/23 12 pm",25.42
"2/10/23 11 am",28.95
"2/10/23 10 am",28.95
"2/10/23 9 am",26.83
"2/10/23 8 am",28.95
"2/10/23 7 am",31.77
"2/10/23 6 am",34.59
"2/10/23 5 am",36.71
"2/10/23 4 am",35.3
"2/10/23 3 am",28.24
"2/10/23 2 am",51.54
"2/10/23 1 am",72.01
"2/10/23 12 am",68.48
"2/9/23 11 pm",60.01
"2/9/23 10 pm",35.3
"2/9/23 9 pm",43.07
"2/9/23 8 pm",41.65
"2/9/23 7 pm",32.48
"2/9/23 6 pm",23.3
"2/9/23 5 pm",16.94
"2/9/23 4 pm",26.12
"2/9/23 3 pm",26.12
"2/9/23 2 pm",25.42
"2/9/23 1 pm",31.06
"2/9/23 12 pm",24
"2/9/23 11 am",22.59
"2/9/23 10 am",21.18
"2/9/23 9 am",20.47
"2/9/23 8 am",17.65
"2/9/23 7 am",21.18
"2/9/23 6 am",21.89
"2/9/23 5 am",26.12
"2/9/23 4 am",26.12
"2/9/23 3 am",30.36
"2/9/23 2 am",28.24
"2/9/23 1 am",27.53
"2/9/23 12 am",24.71
"2/8/23 11 pm",26.83
"2/8/23 10 pm",27.53
"2/8/23 9 pm",24
"2/8/23 8 pm",21.89
"2/8/23 7 pm",19.06
"2/8/23 6 pm",13.41
"2/8/23 5 pm",13.41
"2/8/23 4 pm",9.88
"2/8/23 3 pm",8.47
"2/8/23 2 pm",7.06
"2/8/23 1 pm",13.41
"2/8/23 12 pm",13.41
"2/8/23 11 am",12.71
"2/8/23 10 am",10.59
"2/8/23 9 am",7.06
"2/8/23 8 am",4.236
"2/8/23 7 am",0
"2/8/23 6 am",0.706
"2/8/23 5 am",4.942
"2/8/23 4 am",5.648
"2/8/23 3 am",5.648
"2/8/23 2 am",14.12
"2/8/23 1 am",9.88
"2/8/23 12 am",5.648
"2/7/23 11 pm",12
"2/7/23 10 pm",13.41
"2/7/23 9 pm",5.648
"2/7/23 8 pm",11.3
"2/7/23 7 pm",15.53
"2/7/23 6 pm",16.24
"2/7/23 5 pm",18.36
"2/7/23 4 pm",23.3
"2/7/23 3 pm",16.94
"2/7/23 2 pm",13.41
"2/7/23 1 pm",25.42
"2/7/23 12 pm",26.83
"2/7/23 11 am",28.24
"2/7/23 10 am",28.95
"2/7/23 9 am",28.95
"2/7/23 8 am",29.65
"2/7/23 7 am",28.24
"2/7/23 6 am",32.48
"2/7/23 5 am",32.48
"2/7/23 4 am",33.89
"2/7/23 3 am",38.12
"2/7/23 2 am",38.83
"2/7/23 1 am",37.42
"2/7/23 12 am",42.36
"2/6/23 11 pm",43.07
"2/6/23 10 pm",43.07
"2/6/23 9 pm",36.71
"2/6/23 8 pm",40.24
"2/6/23 7 pm",36.71
"2/6/23 6 pm",32.48
"2/6/23 5 pm",32.48
"2/6/23 4 pm",31.06
"2/6/23 3 pm",34.59
"2/6/23 2 pm",24.71
"2/6/23 1 pm",21.18
"2/6/23 12 pm",19.06
"2/6/23 11 am",19.77
"2/6/23 10 am",21.18
"2/6/23 9 am",24
"2/6/23 8 am",26.83
"2/6/23 7 am",20.47
"2/6/23 6 am",19.77
"2/6/23 5 am",19.06
"2/6/23 4 am",9.18
"2/6/23 3 am",16.24
"2/6/23 2 am",13.41
"2/6/23 1 am",10.59
"2/6/23 12 am",10.59
"2/5/23 11 pm",19.06
"2/5/23 10 pm",24
"2/5/23 9 pm",13.41
"2/5/23 8 pm",9.88
"2/5/23 7 pm",12
"2/5/23 6 pm",12.71
"2/5/23 5 pm",15.53
"2/5/23 4 pm",14.83
"2/5/23 3 pm",8.47
"2/5/23 2 pm",6.354
"2/5/23 1 pm",5.648
"2/5/23 12 pm",4.236
"2/5/23 11 am",2.118
"2/5/23 10 am",0.706
"2/5/23 9 am",2.118
"2/5/23 8 am",7.06
"2/5/23 7 am",7.766
"2/5/23 6 am",7.06
"2/5/23 5 am",7.766
"2/5/23 4 am",9.88
"2/5/23 3 am",12
"2/5/23 2 am",11.3
"2/5/23 1 am",12.71
"2/5/23 12 am",7.766
"2/4/23 11 pm",8.47
"2/4/23 10 pm",10.59
"2/4/23 9 pm",13.41
"2/4/23 8 pm",8.47
"2/4/23 7 pm",7.06
"2/4/23 6 pm",7.766
"2/4/23 5 pm",11.3
"2/4/23 4 pm",12
"2/4/23 3 pm",15.53
"2/4/23 2 pm",13.41
"2/4/23 1 pm",20.47
"2/4/23 12 pm",17.65
"2/4/23 11 am",21.89
"2/4/23 10 am",19.77
"2/4/23 9 am",19.06
"2/4/23 8 am",23.3
"2/4/23 7 am",28.24
"2/4/23 6 am",35.3
"2/4/23 5 am",35.3
"2/4/23 4 am",35.3
"2/4/23 3 am",27.53
"2/4/23 2 am",28.24
"2/4/23 1 am",29.65
"2/4/23 12 am",37.42
"2/3/23 11 pm",37.42
"2/3/23 10 pm",50.83
"2/3/23 9 pm",48.71
"2/3/23 8 pm",44.48
"2/3/23 7 pm",40.95
"2/3/23 6 pm",36.71
"2/3/23 5 pm",43.07
"2/3/23 4 pm",39.54
"2/3/23 3 pm",39.54
"2/3/23 2 pm",47.3
"2/3/23 1 pm",63.54
"2/3/23 12 pm",43.07
"2/3/23 11 am",47.3
"2/3/23 10 am",28.95
"2/3/23 9 am",29.65
"2/3/23 8 am",15.53
"2/3/23 7 am",16.24
"2/3/23 6 am",14.12
"2/3/23 5 am",13.41
"2/3/23 4 am",8.47
"2/3/23 3 am",9.88
"2/3/23 2 am",12.71
"2/3/23 1 am",28.24
"2/3/23 12 am",32.48
"2/2/23 11 pm",53.66
"2/2/23 10 pm",55.77
"2/2/23 9 pm",43.77
"2/2/23 8 pm",40.24
"2/2/23 7 pm",26.83
"2/2/23 6 pm",51.54
"2/2/23 5 pm",45.89
"2/2/23 4 pm",45.89
"2/2/23 3 pm",52.24
"2/2/23 2 pm",43.07
"2/2/23 1 pm",40.95
"2/2/23 12 pm",40.95
"2/2/23 11 am",48.71
"2/2/23 10 am",48.01
"2/2/23 9 am",45.89
"2/2/23 8 am",34.59
"2/2/23 7 am",36.71
"2/2/23 6 am",36.71
"2/2/23 5 am",36.71
"2/2/23 4 am",37.42
"2/2/23 3 am",31.77
"2/2/23 2 am",33.18
"2/2/23 1 am",34.59
"2/2/23 12 am",32.48
"2/1/23 11 pm",33.18
"2/1/23 10 pm",26.83
"2/1/23 9 pm",32.48
"2/1/23 8 pm",33.18
"2/1/23 7 pm",31.06
"2/1/23 6 pm",28.24
"2/1/23 5 pm",27.53
"2/1/23 4 pm",33.18
"2/1/23 3 pm",36.71
"2/1/23 2 pm",32.48
"2/1/23 1 pm",28.95
"2/1/23 12 pm",31.77
"2/1/23 11 am",28.95
"2/1/23 10 am",26.83
"2/1/23 9 am",23.3
"2/1/23 8 am",24
"2/1/23 7 am",24
"2/1/23 6 am",24
"2/1/23 5 am",30.36
"2/1/23 4 am",31.06
"2/1/23 3 am",31.06
"2/1/23 2 am",26.83
"2/1/23 1 am",26.83
"2/1/23 12 am",28.95
"1/31/23 11 pm",27.53
"1/31/23 10 pm",25.42
"1/31/23 9 pm",21.89
"1/31/23 8 pm",23.3
"1/31/23 7 pm",19.77
"1/31/23 6 pm",19.77
"1/31/23 5 pm",18.36
"1/31/23 4 pm",16.94
"1/31/23 3 pm",14.12
"1/31/23 2 pm",14.83
"1/31/23 1 pm",10.59
"1/31/23 12 pm",9.88
"1/31/23 11 am",16.24
"1/31/23 10 am",21.89
"1/31/23 9 am",20.47
"1/31/23 8 am",19.77
"1/31/23 7 am",14.83
"1/31/23 6 am",12.71
"1/31/23 5 am",14.83
"1/31/23 4 am",12.71
"1/31/23 3 am",13.41
"1/31/23 2 am",13.41
"1/31/23 1 am",19.77
"1/31/23 12 am",22.59
"1/30/23 11 pm",24.71
"1/30/23 10 pm",21.89
"1/30/23 9 pm",19.77
"1/30/23 8 pm",24.71
"1/30/23 7 pm",19.06
"1/30/23 6 pm",19.06
"1/30/23 5 pm",18.36
"1/30/23 4 pm",21.89
"1/30/23 3 pm",19.77
"1/30/23 2 pm",16.24
"1/30/23 1 pm",16.24
"1/30/23 12 pm",11.3
"1/30/23 11 am",7.766
"1/30/23 10 am",12.71
"1/30/23 9 am",13.41
"1/30/23 8 am",10.59
"1/30/23 7 am",4.236
"1/30/23 6 am",5.648
"1/30/23 5 am",6.354
"1/30/23 4 am",5.648
"1/30/23 3 am",4.942
"1/30/23 2 am",4.236
"1/30/23 1 am",4.942
"1/30/23 12 am",5.648
"1/29/23 11 pm",4.942
"1/29/23 10 pm",4.236
"1/29/23 9 pm",4.236
"1/29/23 8 pm",4.236
"1/29/23 7 pm",8.47
"1/29/23 6 pm",9.18
"1/29/23 5 pm",3.53
"1/29/23 4 pm",6.354
"1/29/23 3 pm",8.47
"1/29/23 2 pm",10.59
"1/29/23 1 pm",10.59
"1/29/23 12 pm",11.3
"1/29/23 11 am",12.71
"1/29/23 10 am",18.36
"1/29/23 9 am",11.3
"1/29/23 8 am",9.88
"1/29/23 7 am",16.94
"1/29/23 6 am",10.59
"1/29/23 5 am",14.12
"1/29/23 4 am",25.42
"1/29/23 3 am",26.83
"1/29/23 2 am",26.12
"1/29/23 1 am",26.83
"1/29/23 12 am",26.83
"1/28/23 11 pm",19.77
"1/28/23 10 pm",26.12
"1/28/23 9 pm",26.12
"1/28/23 8 pm",20.47
"1/28/23 7 pm",26.12
"1/28/23 6 pm",31.06
"1/28/23 5 pm",31.06
"1/28/23 4 pm",26.12
"1/28/23 3 pm",21.18
"1/28/23 2 pm",21.18
"1/28/23 1 pm",28.95
"1/28/23 12 pm",25.42
"1/28/23 11 am",13.41
"1/28/23 10 am",9.18
"1/28/23 9 am",14.12
"1/28/23 8 am",19.77
"1/28/23 7 am",22.59
"1/28/23 6 am",20.47
"1/28/23 5 am",18.36
"1/28/23 4 am",18.36
"1/28/23 3 am",19.06
"1/28/23 2 am",16.94
"1/28/23 1 am",9.18
"1/28/23 12 am",7.766
"1/27/23 11 pm",7.766
"1/27/23 10 pm",5.648
"1/27/23 9 pm",6.354
"1/27/23 8 pm",2.824
"1/27/23 7 pm",5.648
"1/27/23 6 pm",6.354
"1/27/23 5 pm",9.88
"1/27/23 4 pm",4.942
"1/27/23 3 pm",3.53
"1/27/23 2 pm",7.06
"1/27/23 1 pm",4.236
"1/27/23 12 pm",5.648
"1/27/23 11 am",4.236
"1/27/23 10 am",4.236
"1/27/23 9 am",5.648
"1/27/23 8 am",5.648
"1/27/23 7 am",3.53
"1/27/23 6 am",6.354
"1/27/23 5 am",6.354
"1/27/23 4 am",6.354
"1/27/23 3 am",12.71
"1/27/23 2 am",15.53
"1/27/23 1 am",14.83
"1/27/23 12 am",20.47
"1/26/23 11 pm",15.53
"1/26/23 10 pm",17.65
"1/26/23 9 pm",16.94
"1/26/23 8 pm",18.36
"1/26/23 7 pm",17.65
"1/26/23 6 pm",16.94
"1/26/23 5 pm",17.65
"1/26/23 4 pm",14.83
"1/26/23 3 pm",16.24
"1/26/23 2 pm",14.12
"1/26/23 1 pm",20.47
"1/26/23 12 pm",12.71
"1/26/23 11 am",14.12
"1/26/23 10 am",24.71
"1/26/23 9 am",10.59
"1/26/23 8 am",12.71
"1/26/23 7 am",10.59
"1/26/23 6 am",14.12
"1/26/23 5 am",16.24
"1/26/23 4 am",20.47
"1/26/23 3 am",16.94
"1/26/23 2 am",9.88
"1/26/23 1 am",16.24
"1/26/23 12 am",12.71
"1/25/23 11 pm",12.71
"1/25/23 10 pm",12.71
"1/25/23 9 pm",0
"1/25/23 8 pm",1.412
"1/25/23 7 pm",4.236
"1/25/23 6 pm",4.942
"1/25/23 5 pm",6.354
"1/25/23 4 pm",4.942
"1/25/23 3 pm",5.648
"1/25/23 2 pm",7.766
"1/25/23 1 pm",7.766
"1/25/23 12 pm",3.53
"1/25/23 11 am",6.354
"1/25/23 10 am",4.236
"1/25/23 9 am",0
"1/25/23 8 am",0
"1/25/23 7 am",0
"1/25/23 6 am",0
"1/25/23 5 am",0
"1/25/23 4 am",0
"1/25/23 3 am",0
"1/25/23 2 am",0
"1/25/23 1 am",0
"1/25/23 12 am",0
"1/24/23 11 pm",0
"1/24/23 10 pm",0
"1/24/23 9 pm",0
"1/24/23 8 pm",0
"1/24/23 7 pm",0
"1/24/23 6 pm",0
"1/24/23 5 pm",0
"1/24/23 4 pm",0
"1/24/23 3 pm",4.236
"1/24/23 2 pm",0
"1/24/23 1 pm",0
"1/24/23 12 pm",2.824
"1/24/23 11 am",4.236
"1/24/23 10 am",2.824
"1/24/23 9 am",4.942
"1/24/23 8 am",6.354
"1/24/23 7 am",7.06
"1/24/23 6 am",7.766
"1/24/23 5 am",6.354
"1/24/23 4 am",6.354
"1/24/23 3 am",4.942
"1/24/23 2 am",7.06
"1/24/23 1 am",7.766
"1/24/23 12 am",7.766
"1/23/23 11 pm",3.53
"1/23/23 10 pm",4.942
"1/23/23 9 pm",2.118
"1/23/23 8 pm",0.706
"1/23/23 7 pm",5.648
"1/23/23 6 pm",7.766
"1/23/23 5 pm",9.88
"1/23/23 4 pm",7.06
"1/23/23 3 pm",4.236
"1/23/23 2 pm",7.06
"1/23/23 1 pm",3.53
"1/23/23 12 pm",6.354
"1/23/23 11 am",4.236
"1/23/23 10 am",4.942
"1/23/23 9 am",2.118
"1/23/23 8 am",5.648
"1/23/23 7 am",4.942
"1/23/23 6 am",5.648
"1/23/23 5 am",7.766
"1/23/23 4 am",4.942
"1/23/23 3 am",11.3
"1/23/23 2 am",13.41
"1/23/23 1 am",11.3
"1/23/23 12 am",10.59
"1/22/23 11 pm",8.47
"1/22/23 10 pm",8.47
"1/22/23 9 pm",7.06
"1/22/23 8 pm",7.06
"1/22/23 7 pm",5.648
"1/22/23 6 pm",4.236
"1/22/23 5 pm",2.824
"1/22/23 4 pm",3.53
"1/22/23 3 pm",2.118
"1/22/23 2 pm",3.53
"1/22/23 1 pm",4.942
"1/22/23 12 pm",4.236
"1/22/23 11 am",7.766
"1/22/23 10 am",9.18
"1/22/23 9 am",7.766
"1/22/23 8 am",7.06
"1/22/23 7 am",5.648
"1/22/23 6 am",4.236
"1/22/23 5 am",3.53
"1/22/23 4 am",2.824
"1/22/23 3 am",2.824
"1/22/23 2 am",3.53
"1/22/23 1 am",6.354
"1/22/23 12 am",5.648
"1/21/23 11 pm",3.53
"1/21/23 10 pm",3.53
"1/21/23 9 pm",7.06
"1/21/23 8 pm",16.24
"1/21/23 7 pm",19.77
"1/21/23 6 pm",19.77
"1/21/23 5 pm",27.53
"1/21/23 4 pm",40.95
"1/21/23 3 pm",33.18
"1/21/23 2 pm",31.77
"1/21/23 1 pm",33.89
"1/21/23 12 pm",38.12
"1/21/23 11 am",40.95
"1/21/23 10 am",30.36
"1/21/23 9 am",26.83
"1/21/23 8 am",21.18
"1/21/23 7 am",24.71
"1/21/23 6 am",24.71
"1/21/23 5 am",14.83
"1/21/23 4 am",9.88
"1/21/23 3 am",9.88
"1/21/23 2 am",0.706
"1/21/23 1 am",0
"1/21/23 12 am",0
"1/20/23 11 pm",0
"1/20/23 10 pm",0
"1/20/23 9 pm",0
"1/20/23 8 pm",0
"1/20/23 7 pm",0
"1/20/23 6 pm",0
"1/20/23 5 pm",0
"1/20/23 4 pm",0
"1/20/23 3 pm",0
"1/20/23 2 pm",0
"1/20/23 1 pm",0
"1/20/23 12 pm",0
"1/20/23 11 am",0
"1/20/23 10 am",0
"1/20/23 9 am",0
"1/20/23 8 am",0
"1/20/23 7 am",0
"1/20/23 6 am",0
"1/20/23 5 am",0
"1/20/23 4 am",0
"1/20/23 3 am",0
"1/20/23 2 am",0
"1/20/23 1 am",0
"1/20/23 12 am",0
"1/19/23 11 pm",0
"1/19/23 10 pm",0
"1/19/23 9 pm",0
"1/19/23 8 pm",0
"1/19/23 7 pm",0
"1/19/23 6 pm",0
"1/19/23 5 pm",0
"1/19/23 4 pm",0
"1/19/23 3 pm",0
"1/19/23 2 pm",0
"1/19/23 1 pm",0
"1/19/23 12 pm",0
"1/19/23 11 am",0
"1/19/23 10 am",0
"1/19/23 9 am",0
"1/19/23 8 am",0
"1/19/23 7 am",0
"1/19/23 6 am",0
"1/19/23 5 am",0
"1/19/23 4 am",0
"1/19/23 3 am",0
"1/19/23 2 am",0
"1/19/23 1 am",0
"1/19/23 12 am",0
"1/18/23 11 pm",0
"1/18/23 10 pm",0
"1/18/23 9 pm",0
"1/18/23 8 pm",0
"1/18/23 7 pm",0
"1/18/23 6 pm",0
"1/18/23 5 pm",0
"1/18/23 4 pm",0
"1/18/23 3 pm",0
"1/18/23 2 pm",0
"1/18/23 1 pm",14.12
"1/18/23 12 pm",19.06
"1/18/23 11 am",14.12
"1/18/23 10 am",9.88
"1/18/23 9 am",11.3
"1/18/23 8 am",9.88
"1/18/23 7 am",9.18
"1/18/23 6 am",20.47
"1/18/23 5 am",20.47
"1/18/23 4 am",25.42
"1/18/23 3 am",22.59
"1/18/23 2 am",22.59
"1/18/23 1 am",20.47
"1/18/23 12 am",22.59
"1/17/23 11 pm",19.06
"1/17/23 10 pm",19.06
"1/17/23 9 pm",24
"1/17/23 8 pm",21.89
"1/17/23 7 pm",28.24
"1/17/23 6 pm",28.95
"1/17/23 5 pm",28.95
"1/17/23 4 pm",30.36
"1/17/23 3 pm",31.06
"1/17/23 2 pm",28.95
"1/17/23 1 pm",18.36
"1/17/23 12 pm",17.65
"1/17/23 11 am",16.24
"1/17/23 10 am",15.53
"1/17/23 9 am",17.65
"1/17/23 8 am",16.24
"1/17/23 7 am",16.24
"1/17/23 6 am",14.83
"1/17/23 5 am",14.12
"1/17/23 4 am",12
"1/17/23 3 am",13.41
"1/17/23 2 am",13.41
"1/17/23 1 am",16.94
"1/17/23 12 am",20.47
"1/16/23 11 pm",21.89
"1/16/23 10 pm",18.36
"1/16/23 9 pm",21.89
"1/16/23 8 pm",19.06
"1/16/23 7 pm",16.94
"1/16/23 6 pm",16.94
"1/16/23 5 pm",14.12
"1/16/23 4 pm",15.53
"1/16/23 3 pm",17.65
"1/16/23 2 pm",21.89
"1/16/23 1 pm",25.42
"1/16/23 12 pm",25.42
"1/16/23 11 am",24.71
"1/16/23 10 am",28.24
"1/16/23 9 am",26.83
"1/16/23 8 am",29.65
"1/16/23 7 am",36.01
"1/16/23 6 am",37.42
"1/16/23 5 am",36.71
"1/16/23 4 am",38.83
"1/16/23 3 am",38.83
"1/16/23 2 am",42.36
"1/16/23 1 am",38.83
"1/16/23 12 am",32.48
"1/15/23 11 pm",34.59
"1/15/23 10 pm",21.18
"1/15/23 9 pm",16.94
"1/15/23 8 pm",15.53
"1/15/23 7 pm",19.77
"1/15/23 6 pm",24.71
"1/15/23 5 pm",9.88
"1/15/23 4 pm",11.3
"1/15/23 3 pm",15.53
"1/15/23 2 pm",14.83
"1/15/23 1 pm",9.88
"1/15/23 12 pm",7.06
"1/15/23 11 am",11.3
"1/15/23 10 am",9.18
"1/15/23 9 am",13.41
"1/15/23 8 am",7.06
"1/15/23 7 am",8.47
"1/15/23 6 am",4.236
"1/15/23 5 am",5.648
"1/15/23 4 am",9.88
"1/15/23 3 am",9.88
"1/15/23 2 am",4.236
"1/15/23 1 am",9.18
"1/15/23 12 am",6.354
"1/14/23 11 pm",7.06
"1/14/23 10 pm",9.88
"1/14/23 9 pm",8.47
"1/14/23 8 pm",4.942
"1/14/23 7 pm",5.648
"1/14/23 6 pm",7.06
"1/14/23 5 pm",7.06
"1/14/23 4 pm",7.06
"1/14/23 3 pm",7.06
"1/14/23 2 pm",13.41
"1/14/23 1 pm",10.59
"1/14/23 12 pm",4.942
"1/14/23 11 am",12
"1/14/23 10 am",12.71
"1/14/23 9 am",17.65
"1/14/23 8 am",23.3
"1/14/23 7 am",26.83
"1/14/23 6 am",32.48
"1/14/23 5 am",24
"1/14/23 4 am",29.65
"1/14/23 3 am",25.42
"1/14/23 2 am",32.48
"1/14/23 1 am",36.71
"1/14/23 12 am",28.24
"1/13/23 11 pm",24.71
"1/13/23 10 pm",26.83
"1/13/23 9 pm",27.53
"1/13/23 8 pm",31.06
"1/13/23 7 pm",26.12
"1/13/23 6 pm",26.12
"1/13/23 5 pm",20.47
"1/13/23 4 pm",25.42
"1/13/23 3 pm",29.65
"1/13/23 2 pm",28.95
"1/13/23 1 pm",36.71
"1/13/23 12 pm",42.36
"1/13/23 11 am",47.3
"1/13/23 10 am",44.48
"1/13/23 9 am",40.24
"1/13/23 8 am",38.12
"1/13/23 7 am",31.06
"1/13/23 6 am",30.36
"1/13/23 5 am",30.36
"1/13/23 4 am",31.06
"1/13/23 3 am",19.77
"1/13/23 2 am",25.42
"1/13/23 1 am",31.77
"1/13/23 12 am",38.12
"1/12/23 11 pm",25.42
"1/12/23 10 pm",26.12
"1/12/23 9 pm",31.06
"1/12/23 8 pm",28.95
"1/12/23 7 pm",21.89
"1/12/23 6 pm",24.71
"1/12/23 5 pm",28.95
"1/12/23 4 pm",28.95
"1/12/23 3 pm",31.77
"1/12/23 2 pm",27.53
"1/12/23 1 pm",23.3
"1/12/23 12 pm",26.83
"1/12/23 11 am",29.65
"1/12/23 10 am",27.53
"1/12/23 9 am",30.36
"1/12/23 8 am",26.12
"1/12/23 7 am",20.47
"1/12/23 6 am",19.77
"1/12/23 5 am",15.53
"1/12/23 4 am",20.47
"1/12/23 3 am",16.94
"1/12/23 2 am",21.18
"1/12/23 1 am",25.42
"1/12/23 12 am",21.89
"1/11/23 11 pm",31.06
"1/11/23 10 pm",24.71
"1/11/23 9 pm",25.42
"1/11/23 8 pm",25.42
"1/11/23 7 pm",23.3
"1/11/23 6 pm",19.77
"1/11/23 5 pm",15.53
"1/11/23 4 pm",16.24
"1/11/23 3 pm",16.24
"1/11/23 2 pm",12
"1/11/23 1 pm",16.94
"1/11/23 12 pm",21.18
"1/11/23 11 am",16.94
"1/11/23 10 am",13.41
"1/11/23 9 am",18.36
"1/11/23 8 am",21.18
"1/11/23 7 am",21.18
"1/11/23 6 am",11.3
"1/11/23 5 am",21.18
"1/11/23 4 am",16.94
"1/11/23 3 am",16.24
"1/11/23 2 am",18.36
"1/11/23 1 am",18.36
"1/11/23 12 am",11.3
"1/10/23 11 pm",14.12
"1/10/23 10 pm",13.41
"1/10/23 9 pm",10.59
"1/10/23 8 pm",12.71
"1/10/23 7 pm",8.47
"1/10/23 6 pm",12.71
"1/10/23 5 pm",7.766
"1/10/23 4 pm",9.18
"1/10/23 3 pm",8.47
"1/10/23 2 pm",9.88
"1/10/23 1 pm",9.88
"1/10/23 12 pm",6.354
"1/10/23 11 am",12
"1/10/23 10 am",12.71
"1/10/23 9 am",24
"1/10/23 8 am",25.42
"1/10/23 7 am",16.94
"1/10/23 6 am",18.36
"1/10/23 5 am",20.47
"1/10/23 4 am",23.3
"1/10/23 3 am",26.12
"1/10/23 2 am",25.42
"1/10/23 1 am",19.06
"1/10/23 12 am",16.24
"1/9/23 11 pm",25.42
"1/9/23 10 pm",36.71
"1/9/23 9 pm",40.95
"1/9/23 8 pm",18.36
"1/9/23 7 pm",33.89
"1/9/23 6 pm",40.24
"1/9/23 5 pm",31.06
"1/9/23 4 pm",28.24
"1/9/23 3 pm",32.48
"1/9/23 2 pm",31.77
"1/9/23 1 pm",23.3
"1/9/23 12 pm",14.83
"1/9/23 11 am",24
"1/9/23 10 am",18.36
"1/9/23 9 am",19.06
"1/9/23 8 am",16.24
"1/9/23 7 am",12
"1/9/23 6 am",9.88
"1/9/23 5 am",19.77
"1/9/23 4 am",13.41
"1/9/23 3 am",21.18
"1/9/23 2 am",27.53
"1/9/23 1 am",26.12
"1/9/23 12 am",35.3
"1/8/23 11 pm",48.01
"1/8/23 10 pm",31.06
"1/8/23 9 pm",40.24
"1/8/23 8 pm",44.48
"1/8/23 7 pm",50.13
"1/8/23 6 pm",46.6
"1/8/23 5 pm",43.77
"1/8/23 4 pm",53.66
"1/8/23 3 pm",31.77
"1/8/23 2 pm",22.59
"1/8/23 1 pm",18.36
"1/8/23 12 pm",19.77
"1/8/23 11 am",19.77
"1/8/23 10 am",16.24
"1/8/23 9 am",18.36
"1/8/23 8 am",12.71
"1/8/23 7 am",12.71
"1/8/23 6 am",14.12
"1/8/23 5 am",6.354
"1/8/23 4 am",8.47
"1/8/23 3 am",10.59
"1/8/23 2 am",9.88
"1/8/23 1 am",9.18
"1/8/23 12 am",12.71
"1/7/23 11 pm",12.71
"1/7/23 10 pm",8.47
"1/7/23 9 pm",8.47
"1/7/23 8 pm",10.59
"1/7/23 7 pm",9.88
"1/7/23 6 pm",12
"1/7/23 5 pm",18.36
"1/7/23 4 pm",24.71
"1/7/23 3 pm",19.06
"1/7/23 2 pm",8.47
"1/7/23 1 pm",15.53
"1/7/23 12 pm",14.12
"1/7/23 11 am",8.47
"1/7/23 10 am",9.88
"1/7/23 9 am",12.71
"1/7/23 8 am",16.94
"1/7/23 7 am",16.24
"1/7/23 6 am",18.36
"1/7/23 5 am",9.88
"1/7/23 4 am",18.36
"1/7/23 3 am",28.24
"1/7/23 2 am",31.77
"1/7/23 1 am",25.42
"1/7/23 12 am",25.42
"1/6/23 11 pm",26.12
"1/6/23 10 pm",23.3
"1/6/23 9 pm",26.12
"1/6/23 8 pm",33.89
"1/6/23 7 pm",36.71
"1/6/23 6 pm",16.24
"1/6/23 5 pm",21.89
"1/6/23 4 pm",27.53
"1/6/23 3 pm",34.59
"1/6/23 2 pm",31.77
"1/6/23 1 pm",22.59
"1/6/23 12 pm",22.59
"1/6/23 11 am",40.24
"1/6/23 10 am",37.42
"1/6/23 9 am",31.77
"1/6/23 8 am",39.54
"1/6/23 7 am",46.6
"1/6/23 6 am",48.01
"1/6/23 5 am",36.01
"1/6/23 4 am",47.3
"1/6/23 3 am",44.48
"1/6/23 2 am",47.3
"1/6/23 1 am",52.95
"1/6/23 12 am",52.95
"1/5/23 11 pm",38.83
"1/5/23 10 pm",52.24
"1/5/23 9 pm",36.01
"1/5/23 8 pm",40.95
"1/5/23 7 pm",43.77
"1/5/23 6 pm",32.48
"1/5/23 5 pm",30.36
"1/5/23 4 pm",26.12
"1/5/23 3 pm",20.47
"1/5/23 2 pm",17.65
"1/5/23 1 pm",21.89
"1/5/23 12 pm",21.89
"1/5/23 11 am",35.3
"1/5/23 10 am",33.89
"1/5/23 9 am",26.83
"1/5/23 8 am",24
"1/5/23 7 am",23.3
"1/5/23 6 am",15.53
"1/5/23 5 am",14.83
"1/5/23 4 am",14.12
"1/5/23 3 am",22.59
"1/5/23 2 am",12
"1/5/23 1 am",16.24
"1/5/23 12 am",26.83
"1/4/23 11 pm",24
"1/4/23 10 pm",21.18
"1/4/23 9 pm",26.83
"1/4/23 8 pm",24.71
"1/4/23 7 pm",11.3
"1/4/23 6 pm",17.65
"1/4/23 5 pm",26.12
"1/4/23 4 pm",24.71
"1/4/23 3 pm",25.42
"1/4/23 2 pm",24.71
"1/4/23 1 pm",20.47
"1/4/23 12 pm",18.36
"1/4/23 11 am",14.12
"1/4/23 10 am",19.77
"1/4/23 9 am",9.88
"1/4/23 8 am",17.65
"1/4/23 7 am",9.88
"1/4/23 6 am",19.77
"1/4/23 5 am",16.24
"1/4/23 4 am",15.53
"1/4/23 3 am",21.89
"1/4/23 2 am",20.47
"1/4/23 1 am",15.53
"1/4/23 12 am",16.24
"1/3/23 11 pm",14.12
"1/3/23 10 pm",13.41
"1/3/23 9 pm",13.41
"1/3/23 8 pm",12.71
"1/3/23 7 pm",16.24
"1/3/23 6 pm",16.24
"1/3/23 5 pm",16.24
"1/3/23 4 pm",14.12
"1/3/23 3 pm",19.06
"1/3/23 2 pm",21.89
"1/3/23 1 pm",30.36
"1/3/23 12 pm",25.42
"1/3/23 11 am",24
"1/3/23 10 am",20.47
"1/3/23 9 am",17.65
"1/3/23 8 am",21.89
"1/3/23 7 am",26.12
"1/3/23 6 am",29.65
"1/3/23 5 am",23.3
"1/3/23 4 am",28.95
"1/3/23 3 am",24
"1/3/23 2 am",13.41
"1/3/23 1 am",18.36
"1/3/23 12 am",14.12
"1/2/23 11 pm",13.41
"1/2/23 10 pm",15.53
"1/2/23 9 pm",16.24
"1/2/23 8 pm",17.65
"1/2/23 7 pm",14.83
"1/2/23 6 pm",18.36
"1/2/23 5 pm",19.77
"1/2/23 4 pm",21.18
"1/2/23 3 pm",21.18
"1/2/23 2 pm",16.94
"1/2/23 1 pm",22.59
"1/2/23 12 pm",19.06
"1/2/23 11 am",14.12
"1/2/23 10 am",17.65
"1/2/23 9 am",18.36
"1/2/23 8 am",15.53
"1/2/23 7 am",11.3
"1/2/23 6 am",14.83
"1/2/23 5 am",16.24
"1/2/23 4 am",16.94
"1/2/23 3 am",12.71
"1/2/23 2 am",11.3
"1/2/23 1 am",14.83
"1/2/23 12 am",12.71
"1/1/23 11 pm",17.65
"1/1/23 10 pm",15.53
"1/1/23 9 pm",14.83
"1/1/23 8 pm",11.3
"1/1/23 7 pm",10.59
"1/1/23 6 pm",8.47
"1/1/23 5 pm",7.766
"1/1/23 4 pm",7.06
"1/1/23 3 pm",0
"1/1/23 2 pm",4.942
"1/1/23 1 pm",6.354
"1/1/23 12 pm",2.824
"1/1/23 11 am",0.706
"1/1/23 10 am",0.706
"1/1/23 9 am",0
"1/1/23 8 am",0
"1/1/23 7 am",0.706
"1/1/23 6 am",0.706
"1/1/23 5 am",1.412
"1/1/23 4 am",0.706
"1/1/23 3 am",1.412
"1/1/23 2 am",1.412
"1/1/23 1 am",0
"1/1/23 12 am",0.706
"12/31/22 11 pm",1.412
"12/31/22 10 pm",2.824
"12/31/22 9 pm",3.53
"12/31/22 8 pm",4.942
"12/31/22 7 pm",6.354
"12/31/22 6 pm",4.942
"12/31/22 5 pm",5.648
"12/31/22 4 pm",4.236
"12/31/22 3 pm",4.236
"12/31/22 2 pm",4.942
"12/31/22 1 pm",5.648
"12/31/22 12 pm",4.942
"12/31/22 11 am",4.942
"12/31/22 10 am",7.06
"12/31/22 9 am",7.766
"12/31/22 8 am",8.47
"12/31/22 7 am",9.18
"12/31/22 6 am",9.88
"12/31/22 5 am",10.59
"12/31/22 4 am",13.41
"12/31/22 3 am",18.36
"12/31/22 2 am",26.83
"12/31/22 1 am",25.42
"12/31/22 12 am",25.42
"12/30/22 11 pm",22.59
"12/30/22 10 pm",21.89
"12/30/22 9 pm",27.53
"12/30/22 8 pm",28.24
"12/30/22 7 pm",19.77
"12/30/22 6 pm",24
"12/30/22 5 pm",23.3
"12/30/22 4 pm",26.83
"12/30/22 3 pm",29.65
"12/30/22 2 pm",28.95
"12/30/22 1 pm",28.95
"12/30/22 12 pm",38.12
"12/30/22 11 am",27.53
"12/30/22 10 am",26.12
"12/30/22 9 am",22.59
"12/30/22 8 am",22.59
"12/30/22 7 am",31.77
"12/30/22 6 am",42.36
"12/30/22 5 am",28.95
"12/30/22 4 am",27.53
"12/30/22 3 am",19.06
"12/30/22 2 am",12
"12/30/22 1 am",12
"12/30/22 12 am",12.71
"12/29/22 11 pm",16.94
"12/29/22 10 pm",36.01
"12/29/22 9 pm",24
"12/29/22 8 pm",19.06
"12/29/22 7 pm",19.06
"12/29/22 6 pm",21.89
"12/29/22 5 pm",25.42
"12/29/22 4 pm",26.12
"12/29/22 3 pm",28.95
"12/29/22 2 pm",24.71
"12/29/22 1 pm",19.77
"12/29/22 12 pm",25.42
"12/29/22 11 am",16.94
"12/29/22 10 am",15.53
"12/29/22 9 am",13.41
"12/29/22 8 am",16.94
"12/29/22 7 am",20.47
"12/29/22 6 am",21.89
"12/29/22 5 am",19.06
"12/29/22 4 am",19.77
"12/29/22 3 am",21.89
"12/29/22 2 am",17.65
"12/29/22 1 am",22.59
"12/29/22 12 am",25.42
"12/28/22 11 pm",23.3
"12/28/22 10 pm",20.47
"12/28/22 9 pm",24
"12/28/22 8 pm",18.36
"12/28/22 7 pm",21.18
"12/28/22 6 pm",22.59
"12/28/22 5 pm",20.47
"12/28/22 4 pm",18.36
"12/28/22 3 pm",15.53
"12/28/22 2 pm",12
"12/28/22 1 pm",15.53
"12/28/22 12 pm",11.3
"12/28/22 11 am",13.41
"12/28/22 10 am",15.53
"12/28/22 9 am",14.83
"12/28/22 8 am",13.41
"12/28/22 7 am",9.88
"12/28/22 6 am",14.12
"12/28/22 5 am",9.88
"12/28/22 4 am",7.06
"12/28/22 3 am",19.06
"12/28/22 2 am",22.59
"12/28/22 1 am",26.83
"12/28/22 12 am",26.12
"12/27/22 11 pm",40.24
"12/27/22 10 pm",45.18
"12/27/22 9 pm",48.01
"12/27/22 8 pm",39.54
"12/27/22 7 pm",40.95
"12/27/22 6 pm",40.24
"12/27/22 5 pm",40.95
"12/27/22 4 pm",40.95
"12/27/22 3 pm",37.42
"12/27/22 2 pm",42.36
"12/27/22 1 pm",33.89
"12/27/22 12 pm",37.42
"12/27/22 11 am",28.95
"12/27/22 10 am",44.48
"12/27/22 9 am",36.71
"12/27/22 8 am",38.83
"12/27/22 7 am",24
"12/27/22 6 am",38.83
"12/27/22 5 am",36.01
"12/27/22 4 am",28.24
"12/27/22 3 am",33.89
"12/27/22 2 am",35.3
"12/27/22 1 am",23.3
"12/27/22 12 am",13.41
"12/26/22 11 pm",14.12
"12/26/22 10 pm",16.94
"12/26/22 9 pm",20.47
"12/26/22 8 pm",19.77
"12/26/22 7 pm",17.65
"12/26/22 6 pm",22.59
"12/26/22 5 pm",22.59
"12/26/22 4 pm",22.59
"12/26/22 3 pm",26.12
"12/26/22 2 pm",31.77
"12/26/22 1 pm",39.54
"12/26/22 12 pm",50.13
"12/26/22 11 am",49.42
"12/26/22 10 am",57.19
"12/26/22 9 am",71.31
"12/26/22 8 am",77.66
"12/26/22 7 am",76.95
"12/26/22 6 am",45.89
"12/26/22 5 am",52.24
"12/26/22 4 am",72.01
"12/26/22 3 am",67.78
"12/26/22 2 am",67.78
"12/26/22 1 am",33.89
"12/26/22 12 am",44.48
"12/25/22 11 pm",57.19
"12/25/22 10 pm",60.01
"12/25/22 9 pm",51.54
"12/25/22 8 pm",43.77
"12/25/22 7 pm",36.01
"12/25/22 6 pm",31.06
"12/25/22 5 pm",21.89
"12/25/22 4 pm",26.83
"12/25/22 3 pm",45.89
"12/25/22 2 pm",38.83
"12/25/22 1 pm",36.01
"12/25/22 12 pm",31.77
"12/25/22 11 am",24
"12/25/22 10 am",26.12
"12/25/22 9 am",28.95
"12/25/22 8 am",19.77
"12/25/22 7 am",21.18
"12/25/22 6 am",21.18
"12/25/22 5 am",11.3
"12/25/22 4 am",11.3
"12/25/22 3 am",4.236
"12/25/22 2 am",12
"12/25/22 1 am",12
"12/25/22 12 am",14.12
"12/24/22 11 pm",21.89
"12/24/22 10 pm",25.42
"12/24/22 9 pm",19.06
"12/24/22 8 pm",22.59
"12/24/22 7 pm",26.12
"12/24/22 6 pm",23.3
"12/24/22 5 pm",30.36
"12/24/22 4 pm",28.95
"12/24/22 3 pm",50.83
"12/24/22 2 pm",51.54
"12/24/22 1 pm",56.48
"12/24/22 12 pm",58.6
"12/24/22 11 am",55.07
"12/24/22 10 am",48.01
"12/24/22 9 am",48.01
"12/24/22 8 am",49.42
"12/24/22 7 am",42.36
"12/24/22 6 am",47.3
"12/24/22 5 am",50.13
"12/24/22 4 am",47.3
"12/24/22 3 am",28.24
"12/24/22 2 am",30.36
"12/24/22 1 am",32.48
"12/24/22 12 am",33.18
"12/23/22 11 pm",29.65
"12/23/22 10 pm",31.77
"12/23/22 9 pm",20.47
"12/23/22 8 pm",20.47
"12/23/22 7 pm",21.18
"12/23/22 6 pm",23.3
"12/23/22 5 pm",33.89
"12/23/22 4 pm",30.36
"12/23/22 3 pm",35.3
"12/23/22 2 pm",37.42
"12/23/22 1 pm",49.42
"12/23/22 12 pm",51.54
"12/23/22 11 am",53.66
"12/23/22 10 am",52.95
"12/23/22 9 am",52.24
"12/23/22 8 am",49.42
"12/23/22 7 am",52.24
"12/23/22 6 am",48.01
"12/23/22 5 am",45.18
"12/23/22 4 am",33.89
"12/23/22 3 am",30.36
"12/23/22 2 am",38.12
"12/23/22 1 am",33.18
"12/23/22 12 am",28.24
"12/22/22 11 pm",36.71
"12/22/22 10 pm",31.77
"12/22/22 9 pm",26.83
"12/22/22 8 pm",18.36
"12/22/22 7 pm",19.06
"12/22/22 6 pm",19.06
"12/22/22 5 pm",19.77
"12/22/22 4 pm",23.3
"12/22/22 3 pm",21.89
"12/22/22 2 pm",15.53
"12/22/22 1 pm",18.36
"12/22/22 12 pm",17.65
"12/22/22 11 am",19.06
"12/22/22 10 am",21.89
"12/22/22 9 am",17.65
"12/22/22 8 am",12
"12/22/22 7 am",7.06
"12/22/22 6 am",6.354
"12/22/22 5 am",15.53
"12/22/22 4 am",13
"12/22/22 3 am",7.766
"12/22/22 2 am",13.41
"12/22/22 1 am",9.18
"12/22/22 12 am",12
"12/21/22 11 pm",12
"12/21/22 10 pm",12.71
"12/21/22 9 pm",16.24
"12/21/22 8 pm",16.94
"12/21/22 7 pm",16.24
"12/21/22 6 pm",16.24
"12/21/22 5 pm",14.12
"12/21/22 4 pm",16.94
"12/21/22 3 pm",12.71
"12/21/22 2 pm",11.3
"12/21/22 1 pm",9.18
"12/21/22 12 pm",10.59
"12/21/22 11 am",10.59
"12/21/22 10 am",12.71
"12/21/22 9 am",10.59
"12/21/22 8 am",2.118
"12/21/22 7 am",0.706
"12/21/22 6 am",4.236
"12/21/22 5 am",7.766
"12/21/22 4 am",7.06
"12/21/22 3 am",12.71
"12/21/22 2 am",12.71
"12/21/22 1 am",12
"12/21/22 12 am",21.18
"12/20/22 11 pm",23.3
"12/20/22 10 pm",14.83
"12/20/22 9 pm",18.36
"12/20/22 8 pm",21.89
"12/20/22 7 pm",12.71
"12/20/22 6 pm",9.88
"12/20/22 5 pm",14.83
"12/20/22 4 pm",16.94
"12/20/22 3 pm",21.18
"12/20/22 2 pm",14.83
"12/20/22 1 pm",16.24
"12/20/22 12 pm",15.53
"12/20/22 11 am",13.41
"12/20/22 10 am",17.65
"12/20/22 9 am",26.83
"12/20/22 8 am",31.77
"12/20/22 7 am",31.77
"12/20/22 6 am",28.95
"12/20/22 5 am",26.83
"12/20/22 4 am",24
"12/20/22 3 am",19.77
"12/20/22 2 am",16.24
"12/20/22 1 am",23.3
"12/20/22 12 am",26.12
"12/19/22 11 pm",22.59
"12/19/22 10 pm",17.65
"12/19/22 9 pm",14.12
"12/19/22 8 pm",18.36
"12/19/22 7 pm",16.24
"12/19/22 6 pm",21.18
"12/19/22 5 pm",17.65
"12/19/22 4 pm",17.65
"12/19/22 3 pm",16.94
"12/19/22 2 pm",16.94
"12/19/22 1 pm",18.36
"12/19/22 12 pm",12.71
"12/19/22 11 am",12
"12/19/22 10 am",11.3
"12/19/22 9 am",10.59
"12/19/22 8 am",12
"12/19/22 7 am",12
"12/19/22 6 am",12
"12/19/22 5 am",12
"12/19/22 4 am",15.53
"12/19/22 3 am",13.41
"12/19/22 2 am",11.3
"12/19/22 1 am",11.3
"12/19/22 12 am",10.59
"12/18/22 11 pm",9.88
"12/18/22 10 pm",7.06
"12/18/22 9 pm",5.648
"12/18/22 8 pm",9.18
"12/18/22 7 pm",11.3
"12/18/22 6 pm",9.18
"12/18/22 5 pm",26.83
"12/18/22 4 pm",11.3
"12/18/22 3 pm",14.12
"12/18/22 2 pm",19.77
"12/18/22 1 pm",12
"12/18/22 12 pm",13.41
"12/18/22 11 am",19.06
"12/18/22 10 am",19.06
"12/18/22 9 am",20.47
"12/18/22 8 am",18.36
"12/18/22 7 am",19.06
"12/18/22 6 am",14.12
"12/18/22 5 am",13.41
"12/18/22 4 am",12.71
"12/18/22 3 am",10.59
"12/18/22 2 am",9.88
"12/18/22 1 am",7.766
"12/18/22 12 am",11.3
"12/17/22 11 pm",14.83
"12/17/22 10 pm",10.59
"12/17/22 9 pm",12.71
"12/17/22 8 pm",13.41
"12/17/22 7 pm",13.41
"12/17/22 6 pm",14.12
"12/17/22 5 pm",17.65
"12/17/22 4 pm",12.71
"12/17/22 3 pm",14.83
"12/17/22 2 pm",21.18
"12/17/22 1 pm",28.95
"12/17/22 12 pm",27.53
"12/17/22 11 am",32.48
"12/17/22 10 am",24.71
"12/17/22 9 am",21.89
"12/17/22 8 am",20.47
"12/17/22 7 am",21.18
"12/17/22 6 am",21.89
"12/17/22 5 am",21.18
"12/17/22 4 am",13.41
"12/17/22 3 am",12
"12/17/22 2 am",15.53
"12/17/22 1 am",19.06
"12/17/22 12 am",12.71
"12/16/22 11 pm",14.12
"12/16/22 10 pm",19.06
"12/16/22 9 pm",23.3
"12/16/22 8 pm",22.59
"12/16/22 7 pm",24.71
"12/16/22 6 pm",19.77
"12/16/22 5 pm",19.06
"12/16/22 4 pm",16.24
"12/16/22 3 pm",9.18
"12/16/22 2 pm",10.59
"12/16/22 1 pm",8.47
"12/16/22 12 pm",9.88
"12/16/22 11 am",10.59
"12/16/22 10 am",3.53
"12/16/22 9 am",4.236
"12/16/22 8 am",8.47
"12/16/22 7 am",7.766
"12/16/22 6 am",10.59
"12/16/22 5 am",10.59
"12/16/22 4 am",7.06
"12/16/22 3 am",7.766
"12/16/22 2 am",4.236
"12/16/22 1 am",7.766
"12/16/22 12 am",10.59
"12/15/22 11 pm",16.24
"12/15/22 10 pm",18.36
"12/15/22 9 pm",14.12
"12/15/22 8 pm",18.36
"12/15/22 7 pm",21.89
"12/15/22 6 pm",26.83
"12/15/22 5 pm",27.53
"12/15/22 4 pm",34.59
"12/15/22 3 pm",28.24
"12/15/22 2 pm",29.65
"12/15/22 1 pm",32.48
"12/15/22 12 pm",41.65
"12/15/22 11 am",35.3
"12/15/22 10 am",36.01
"12/15/22 9 am",31.77
"12/15/22 8 am",24.71
"12/15/22 7 am",16.94
"12/15/22 6 am",25.42
"12/15/22 5 am",19.77
"12/15/22 4 am",15.53
"12/15/22 3 am",12
"12/15/22 2 am",12
"12/15/22 1 am",21.18
"12/15/22 12 am",26.12
"12/14/22 11 pm",22.59
"12/14/22 10 pm",24
"12/14/22 9 pm",19.77
"12/14/22 8 pm",19.06
"12/14/22 7 pm",19.06
"12/14/22 6 pm",21.18
"12/14/22 5 pm",19.06
"12/14/22 4 pm",20.47
"12/14/22 3 pm",19.06
"12/14/22 2 pm",12.71
"12/14/22 1 pm",14.83
"12/14/22 12 pm",13.41
"12/14/22 11 am",14.12
"12/14/22 10 am",14.83
"12/14/22 9 am",14.83
"12/14/22 8 am",14.83
"12/14/22 7 am",12
"12/14/22 6 am",13.41
"12/14/22 5 am",11.3
"12/14/22 4 am",9.88
"12/14/22 3 am",10.59
"12/14/22 2 am",12
"12/14/22 1 am",7.766
"12/14/22 12 am",7.06
"12/13/22 11 pm",7.06
"12/13/22 10 pm",2.824
"12/13/22 9 pm",6.354
"12/13/22 8 pm",3.53
"12/13/22 7 pm",9.18
"12/13/22 6 pm",8.47
"12/13/22 5 pm",10.59
"12/13/22 4 pm",2.824
"12/13/22 3 pm",7.06
"12/13/22 2 pm",6.354
"12/13/22 1 pm",4.942
"12/13/22 12 pm",0.706
"12/13/22 11 am",0
"12/13/22 10 am",0
"12/13/22 9 am",0
"12/13/22 8 am",0
"12/13/22 7 am",0
"12/13/22 6 am",0
"12/13/22 5 am",0
"12/13/22 4 am",0
"12/13/22 3 am",0
"12/13/22 2 am",0
"12/13/22 1 am",0
"12/13/22 12 am",0
"12/12/22 11 pm",0
"12/12/22 10 pm",0
"12/12/22 9 pm",0
"12/12/22 8 pm",0
"12/12/22 7 pm",0
"12/12/22 6 pm",0
"12/12/22 5 pm",0
"12/12/22 4 pm",0
"12/12/22 3 pm",0
"12/12/22 2 pm",0
"12/12/22 1 pm",0
"12/12/22 12 pm",0
"12/12/22 11 am",0
"12/12/22 10 am",0
"12/12/22 9 am",0
"12/12/22 8 am",0
"12/12/22 7 am",0
"12/12/22 6 am",0
"12/12/22 5 am",0
"12/12/22 4 am",0
"12/12/22 3 am",0
"12/12/22 2 am",0
"12/12/22 1 am",0
"12/12/22 12 am",0
"12/11/22 11 pm",0
"12/11/22 10 pm",0
"12/11/22 9 pm",0
"12/11/22 8 pm",0
"12/11/22 7 pm",0
"12/11/22 6 pm",0
"12/11/22 5 pm",0
"12/11/22 4 pm",0
"12/11/22 3 pm",0
"12/11/22 2 pm",0
"12/11/22 1 pm",0
"12/11/22 12 pm",0
"12/11/22 11 am",0
"12/11/22 10 am",0
"12/11/22 9 am",0
"12/11/22 8 am",0
"12/11/22 7 am",0
"12/11/22 6 am",0
"12/11/22 5 am",0
"12/11/22 4 am",0
"12/11/22 3 am",4.236
"12/11/22 2 am",5.648
"12/11/22 1 am",7.766
"12/11/22 12 am",8.47
"12/10/22 11 pm",7.06
"12/10/22 10 pm",8.47
"12/10/22 9 pm",7.766
"12/10/22 8 pm",6.354
"12/10/22 7 pm",5.648
"12/10/22 6 pm",4.942
"12/10/22 5 pm",5.648
"12/10/22 4 pm",5.648
"12/10/22 3 pm",7.06
"12/10/22 2 pm",8.47
"12/10/22 1 pm",7.766
"12/10/22 12 pm",8.47
"12/10/22 11 am",8.47
"12/10/22 10 am",7.766
"12/10/22 9 am",5.648
"12/10/22 8 am",5.648
"12/10/22 7 am",6.354
"12/10/22 6 am",6.354
"12/10/22 5 am",7.766
"12/10/22 4 am",9.88
"12/10/22 3 am",9.88
"12/10/22 2 am",10.59
"12/10/22 1 am",9.18
"12/10/22 12 am",7.06
"12/9/22 11 pm",9.18
"12/9/22 10 pm",9.18
"12/9/22 9 pm",8.47
"12/9/22 8 pm",7.766
"12/9/22 7 pm",7.766
"12/9/22 6 pm",5.648
"12/9/22 5 pm",4.942
"12/9/22 4 pm",3.53
"12/9/22 3 pm",7.06
"12/9/22 2 pm",8.47
"12/9/22 1 pm",11.3
"12/9/22 12 pm",13.41
"12/9/22 11 am",14.83
"12/9/22 10 am",14.83
"12/9/22 9 am",12.71
"12/9/22 8 am",12
"12/9/22 7 am",9.88
"12/9/22 6 am",10.59
"12/9/22 5 am",12
"12/9/22 4 am",9.88
"12/9/22 3 am",6.354
"12/9/22 2 am",6.354
"12/9/22 1 am",6.354
"12/9/22 12 am",6.354
"12/8/22 11 pm",4.236
"12/8/22 10 pm",3.53
"12/8/22 9 pm",2.824
"12/8/22 8 pm",4.942
"12/8/22 7 pm",7.766
"12/8/22 6 pm",9.18
"12/8/22 5 pm",9.88
"12/8/22 4 pm",14.83
"12/8/22 3 pm",15.53
"12/8/22 2 pm",15.53
"12/8/22 1 pm",14.83
"12/8/22 12 pm",14.12
"12/8/22 11 am",13.41
"12/8/22 10 am",15.53
"12/8/22 9 am",16.94
"12/8/22 8 am",16.94
"12/8/22 7 am",19.77
"12/8/22 6 am",16.94
"12/8/22 5 am",16.24
"12/8/22 4 am",15.53
"12/8/22 3 am",14.83
"12/8/22 2 am",16.94
"12/8/22 1 am",21.18
"12/8/22 12 am",22.59
"12/7/22 11 pm",22.59
"12/7/22 10 pm",19.77
"12/7/22 9 pm",20.47
"12/7/22 8 pm",19.77
"12/7/22 7 pm",16.94
"12/7/22 6 pm",9.88
"12/7/22 5 pm",9.18
"12/7/22 4 pm",9.18
"12/7/22 3 pm",12
"12/7/22 2 pm",10.59
"12/7/22 1 pm",12
"12/7/22 12 pm",14.12
"12/7/22 11 am",14.12
"12/7/22 10 am",12
"12/7/22 9 am",12.71
"12/7/22 8 am",10.59
"12/7/22 7 am",7.766
"12/7/22 6 am",7.766
"12/7/22 5 am",7.06
"12/7/22 4 am",4.942
"12/7/22 3 am",4.236
"12/7/22 2 am",4.942
"12/7/22 1 am",8.47
"12/7/22 12 am",7.06
"12/6/22 11 pm",7.06
"12/6/22 10 pm",8.47
"12/6/22 9 pm",9.18
"12/6/22 8 pm",9.18
"12/6/22 7 pm",9.18
"12/6/22 6 pm",9.18
"12/6/22 5 pm",9.18
"12/6/22 4 pm",9.88
"12/6/22 3 pm",9.88
"12/6/22 2 pm",10.59
"12/6/22 1 pm",10.59
"12/6/22 12 pm",9.18
"12/6/22 11 am",8.47
"12/6/22 10 am",10.59
"12/6/22 9 am",12
"12/6/22 8 am",10.59
"12/6/22 7 am",9.88
"12/6/22 6 am",12
"12/6/22 5 am",12
"12/6/22 4 am",17.65
"12/6/22 3 am",20.47
"12/6/22 2 am",22.59
"12/6/22 1 am",22.59
"12/6/22 12 am",22.59
"12/5/22 11 pm",24.71
"12/5/22 10 pm",22.59
"12/5/22 9 pm",21.18
"12/5/22 8 pm",23.3
"12/5/22 7 pm",23.3
"12/5/22 6 pm",21.89
"12/5/22 5 pm",17.65
"12/5/22 4 pm",17.65
"12/5/22 3 pm",16.94
"12/5/22 2 pm",15.53
"12/5/22 1 pm",16.24
"12/5/22 12 pm",14.83
"12/5/22 11 am",13.41
"12/5/22 10 am",13.41
"12/5/22 9 am",16.24
"12/5/22 8 am",15.53
"12/5/22 7 am",14.12
"12/5/22 6 am",12
"12/5/22 5 am",10.59
"12/5/22 4 am",12.71
"12/5/22 3 am",13.41
"12/5/22 2 am",11.3
"12/5/22 1 am",9.88
"12/5/22 12 am",4.236
"12/4/22 11 pm",7.06
"12/4/22 10 pm",6.354
"12/4/22 9 pm",9.18
"12/4/22 8 pm",10.59
"12/4/22 7 pm",9.18
"12/4/22 6 pm",8.47
"12/4/22 5 pm",8.47
"12/4/22 4 pm",7.06
"12/4/22 3 pm",6.354
"12/4/22 2 pm",9.18
"12/4/22 1 pm",10.59
"12/4/22 12 pm",8.47
"12/4/22 11 am",13.41
"12/4/22 10 am",14.83
"12/4/22 9 am",10.59
"12/4/22 8 am",9.88
"12/4/22 7 am",7.766
"12/4/22 6 am",7.766
"12/4/22 5 am",8.47
"12/4/22 4 am",13.41
"12/4/22 3 am",12.71
"12/4/22 2 am",14.12
"12/4/22 1 am",8.47
"12/4/22 12 am",8.47
"12/3/22 11 pm",10.59
"12/3/22 10 pm",12
"12/3/22 9 pm",7.766
"12/3/22 8 pm",6.354
"12/3/22 7 pm",5.648
"12/3/22 6 pm",9.18
"12/3/22 5 pm",7.766
"12/3/22 4 pm",4.942
"12/3/22 3 pm",5.648
"12/3/22 2 pm",9.18
"12/3/22 1 pm",7.766
"12/3/22 12 pm",0
"12/3/22 11 am",0
"12/3/22 10 am",0
"12/3/22 9 am",0
"12/3/22 8 am",0
"12/3/22 7 am",0
"12/3/22 6 am",0
"12/3/22 5 am",0
"12/3/22 4 am",0
"12/3/22 3 am",0
"12/3/22 2 am",0
"12/3/22 1 am",0
"12/3/22 12 am",0
"12/2/22 11 pm",0
"12/2/22 10 pm",0
"12/2/22 9 pm",0
"12/2/22 8 pm",0
"12/2/22 7 pm",0
"12/2/22 6 pm",0
"12/2/22 5 pm",0
"12/2/22 4 pm",0
"12/2/22 3 pm",0
"12/2/22 2 pm",0
"12/2/22 1 pm",0
"12/2/22 12 pm",0
"12/2/22 11 am",0
"12/2/22 10 am",0
"12/2/22 9 am",0
"12/2/22 8 am",0
"12/2/22 7 am",0
"12/2/22 6 am",0
"12/2/22 5 am",0
"12/2/22 4 am",0
"12/2/22 3 am",0
"12/2/22 2 am",0
"12/2/22 1 am",0
"12/2/22 12 am",0
"12/1/22 11 pm",0
"12/1/22 10 pm",0
"12/1/22 9 pm",0
"12/1/22 8 pm",0
"12/1/22 7 pm",0
"12/1/22 6 pm",0
"12/1/22 5 pm",0
"12/1/22 4 pm",0
"12/1/22 3 pm",0
"12/1/22 2 pm",0
"12/1/22 1 pm",11.3
"12/1/22 12 pm",11.3
"12/1/22 11 am",7.06
"12/1/22 10 am",7.06
"12/1/22 9 am",4.942
"12/1/22 8 am",6.354
"12/1/22 7 am",7.06
"12/1/22 6 am",7.766
"12/1/22 5 am",6.354
"12/1/22 4 am",6.354
"12/1/22 3 am",5.648
"12/1/22 2 am",7.766
"12/1/22 1 am",9.88
"12/1/22 12 am",6.354
"11/30/22 11 pm",2.118
"11/30/22 10 pm",4.236
"11/30/22 9 pm",4.942
"11/30/22 8 pm",5.648
"11/30/22 7 pm",4.942
"11/30/22 6 pm",3.53
"11/30/22 5 pm",7.06
"11/30/22 4 pm",7.06
"11/30/22 3 pm",4.942
"11/30/22 2 pm",5.648
"11/30/22 1 pm",5.648
"11/30/22 12 pm",8.47
"11/30/22 11 am",4.236
"11/30/22 10 am",13.41
"11/30/22 9 am",17.65
"11/30/22 8 am",22.59
"11/30/22 7 am",20.47
"11/30/22 6 am",23.3
"11/30/22 5 am",25.42
"11/30/22 4 am",24.71
"11/30/22 3 am",28.95
"11/30/22 2 am",33.89
"11/30/22 1 am",28.95
"11/30/22 12 am",28.95
"11/29/22 11 pm",34.59
"11/29/22 10 pm",36.01
"11/29/22 9 pm",37.42
"11/29/22 8 pm",40.95
"11/29/22 7 pm",26.12
"11/29/22 6 pm",26.83
"11/29/22 5 pm",22.59
"11/29/22 4 pm",23.3
"11/29/22 3 pm",25.42
"11/29/22 2 pm",28.95
"11/29/22 1 pm",26.83
"11/29/22 12 pm",24.71
"11/29/22 11 am",21.18
"11/29/22 10 am",14.83
"11/29/22 9 am",16.94
"11/29/22 8 am",17.65
"11/29/22 7 am",16.94
"11/29/22 6 am",16.94
"11/29/22 5 am",16.24
"11/29/22 4 am",15.53
"11/29/22 3 am",12
"11/29/22 2 am",9.18
"11/29/22 1 am",5.648
"11/29/22 12 am",4.942
"11/28/22 11 pm",2.824
"11/28/22 10 pm",2.824
"11/28/22 9 pm",2.824
"11/28/22 8 pm",2.824
"11/28/22 7 pm",2.118
"11/28/22 6 pm",3.53
"11/28/22 5 pm",4.942
"11/28/22 4 pm",4.236
"11/28/22 3 pm",3.53
"11/28/22 2 pm",3.53
"11/28/22 1 pm",4.236
"11/28/22 12 pm",2.824
"11/28/22 11 am",3.53
"11/28/22 10 am",3.53
"11/28/22 9 am",5.648
"11/28/22 8 am",4.942
"11/28/22 7 am",1.412
"11/28/22 6 am",2.824
"11/28/22 5 am",3.53
"11/28/22 4 am",2.824
"11/28/22 3 am",2.824
"11/28/22 2 am",3.53
"11/28/22 1 am",9.88
"11/28/22 12 am",6.354
"11/27/22 11 pm",7.766
"11/27/22 10 pm",6.354
"11/27/22 9 pm",7.06
"11/27/22 8 pm",6.354
"11/27/22 7 pm",10.59
"11/27/22 6 pm",11.3
"11/27/22 5 pm",7.766
"11/27/22 4 pm",7.06
"11/27/22 3 pm",7.06
"11/27/22 2 pm",7.766
"11/27/22 1 pm",7.766
"11/27/22 12 pm",9.88
"11/27/22 11 am",12.71
"11/27/22 10 am",16.94
"11/27/22 9 am",18.36
"11/27/22 8 am",21.18
"11/27/22 7 am",19.77
"11/27/22 6 am",16.24
"11/27/22 5 am",24
"11/27/22 4 am",21.18
"11/27/22 3 am",16.24
"11/27/22 2 am",26.12
"11/27/22 1 am",30.36
"11/27/22 12 am",31.77
"11/26/22 11 pm",31.06
"11/26/22 10 pm",26.83
"11/26/22 9 pm",26.12
"11/26/22 8 pm",26.83
"11/26/22 7 pm",24.71
"11/26/22 6 pm",21.18
"11/26/22 5 pm",18.36
"11/26/22 4 pm",16.94
"11/26/22 3 pm",16.94
"11/26/22 2 pm",16.24
"11/26/22 1 pm",16.24
"11/26/22 12 pm",15.53
"11/26/22 11 am",16.24
"11/26/22 10 am",15.53
"11/26/22 9 am",10.59
"11/26/22 8 am",9.88
"11/26/22 7 am",9.18
"11/26/22 6 am",6.354
"11/26/22 5 am",5.648
"11/26/22 4 am",9.88
"11/26/22 3 am",10.59
"11/26/22 2 am",12
"11/26/22 1 am",12
"11/26/22 12 am",6.354
"11/25/22 11 pm",9.88
"11/25/22 10 pm",9.18
"11/25/22 9 pm",9.88
"11/25/22 8 pm",8.47
"11/25/22 7 pm",13.41
"11/25/22 6 pm",13.41
"11/25/22 5 pm",12
"11/25/22 4 pm",10.59
"11/25/22 3 pm",13.41
"11/25/22 2 pm",12.71
"11/25/22 1 pm",12.71
"11/25/22 12 pm",5.648
"11/25/22 11 am",7.766
"11/25/22 10 am",7.06
"11/25/22 9 am",17.65
"11/25/22 8 am",26.12
"11/25/22 7 am",36.01
"11/25/22 6 am",43.07
"11/25/22 5 am",40.95
"11/25/22 4 am",33.18
"11/25/22 3 am",34.59
"11/25/22 2 am",36.01
"11/25/22 1 am",35.3
"11/25/22 12 am",31.06
"11/24/22 11 pm",37.42
"11/24/22 10 pm",38.12
"11/24/22 9 pm",28.95
"11/24/22 8 pm",28.24
"11/24/22 7 pm",30.36
"11/24/22 6 pm",31.06
"11/24/22 5 pm",32.48
"11/24/22 4 pm",42.36
"11/24/22 3 pm",34.59
"11/24/22 2 pm",36.01
"11/24/22 1 pm",33.18
"11/24/22 12 pm",35.3
"11/24/22 11 am",35.3
"11/24/22 10 am",33.89
"11/24/22 9 am",32.48
"11/24/22 8 am",22.59
"11/24/22 7 am",23.3
"11/24/22 6 am",30.36
"11/24/22 5 am",29.65
"11/24/22 4 am",33.18
"11/24/22 3 am",32.48
"11/24/22 2 am",27.53
"11/24/22 1 am",37.42
"11/24/22 12 am",38.12
"11/23/22 11 pm",29.65
"11/23/22 10 pm",28.24
"11/23/22 9 pm",24.71
"11/23/22 8 pm",16.94
"11/23/22 7 pm",10.59
"11/23/22 6 pm",14.12
"11/23/22 5 pm",13.41
"11/23/22 4 pm",13.41
"11/23/22 3 pm",13.41
"11/23/22 2 pm",11.3
"11/23/22 1 pm",12
"11/23/22 12 pm",12.71
"11/23/22 11 am",11.3
"11/23/22 10 am",9.88
"11/23/22 9 am",6.354
"11/23/22 8 am",4.942
"11/23/22 7 am",4.942
"11/23/22 6 am",3.53
"11/23/22 5 am",6.354
"11/23/22 4 am",7.06
"11/23/22 3 am",7.06
"11/23/22 2 am",6.354
"11/23/22 1 am",4.236
"11/23/22 12 am",7.06
"11/22/22 11 pm",12.71
"11/22/22 10 pm",10.59
"11/22/22 9 pm",9.18
"11/22/22 8 pm",7.06
"11/22/22 7 pm",9.88
"11/22/22 6 pm",7.766
"11/22/22 5 pm",5.648
"11/22/22 4 pm",7.06
"11/22/22 3 pm",16.24
"11/22/22 2 pm",24.71
"11/22/22 1 pm",29.65
"11/22/22 12 pm",26.83
"11/22/22 11 am",23.3
"11/22/22 10 am",40.95
"11/22/22 9 am",46.6
"11/22/22 8 am",36.01
"11/22/22 7 am",31.77
"11/22/22 6 am",33.89
"11/22/22 5 am",27.53
"11/22/22 4 am",36.01
"11/22/22 3 am",33.89
"11/22/22 2 am",35.3
"11/22/22 1 am",38.83
"11/22/22 12 am",30.36
"11/21/22 11 pm",36.01
"11/21/22 10 pm",41.65
"11/21/22 9 pm",36.01
"11/21/22 8 pm",33.89
"11/21/22 7 pm",30.36
"11/21/22 6 pm",26.12
"11/21/22 5 pm",30.36
"11/21/22 4 pm",27.53
"11/21/22 3 pm",28.24
"11/21/22 2 pm",25.42
"11/21/22 1 pm",20.47
"11/21/22 12 pm",21.18
"11/21/22 11 am",20.47
"11/21/22 10 am",21.18
"11/21/22 9 am",19.77
"11/21/22 8 am",21.18
"11/21/22 7 am",11.3
"11/21/22 6 am",13.41
"11/21/22 5 am",15.53
"11/21/22 4 am",8.47
"11/21/22 3 am",15.53
"11/21/22 2 am",17.65
"11/21/22 1 am",24.71
"11/21/22 12 am",20.47
"11/20/22 11 pm",24
"11/20/22 10 pm",14.12
"11/20/22 9 pm",16.24
"11/20/22 8 pm",18.36
"11/20/22 7 pm",17.65
"11/20/22 6 pm",18.36
"11/20/22 5 pm",19.06
"11/20/22 4 pm",15.53
"11/20/22 3 pm",15.53
"11/20/22 2 pm",14.83
"11/20/22 1 pm",15.53
"11/20/22 12 pm",17.65
"11/20/22 11 am",18.36
"11/20/22 10 am",19.06
"11/20/22 9 am",19.06
"11/20/22 8 am",16.24
"11/20/22 7 am",12
"11/20/22 6 am",12.71
"11/20/22 5 am",11.3
"11/20/22 4 am",2.824
"11/20/22 3 am",2.118
"11/20/22 2 am",1.412
"11/20/22 1 am",2.824
"11/20/22 12 am",6.354
"11/19/22 11 pm",4.942
"11/19/22 10 pm",4.942
"11/19/22 9 pm",3.53
"11/19/22 8 pm",10.59
"11/19/22 7 pm",12
"11/19/22 6 pm",9.88
"11/19/22 5 pm",3.53
"11/19/22 4 pm",0
"11/19/22 3 pm",0.706
"11/19/22 2 pm",0.706
"11/19/22 1 pm",4.942
"11/19/22 12 pm",5.648
"11/19/22 11 am",4.236
"11/19/22 10 am",3.53
"11/19/22 9 am",4.942
"11/19/22 8 am",12.71
"11/19/22 7 am",13.41
"11/19/22 6 am",11.3
"11/19/22 5 am",14.12
"11/19/22 4 am",14.12
"11/19/22 3 am",14.12
"11/19/22 2 am",8.47
"11/19/22 1 am",9.88
"11/19/22 12 am",1.412
"11/18/22 11 pm",2.824
"11/18/22 10 pm",5.648
"11/18/22 9 pm",7.06
"11/18/22 8 pm",7.06
"11/18/22 7 pm",6.354
"11/18/22 6 pm",9.18
"11/18/22 5 pm",0
"11/18/22 4 pm",6.354
"11/18/22 3 pm",5.648
"11/18/22 2 pm",4.236
"11/18/22 1 pm",0
"11/18/22 12 pm",7.766
"11/18/22 11 am",7.06
"11/18/22 10 am",2.118
"11/18/22 9 am",2.824
"11/18/22 8 am",8.47
"11/18/22 7 am",9.88
"11/18/22 6 am",9.88
"11/18/22 5 am",7.766
"11/18/22 4 am",8.47
"11/18/22 3 am",8.47
"11/18/22 2 am",9.18
"11/18/22 1 am",13.41
"11/18/22 12 am",11.3
"11/17/22 11 pm",10.59
"11/17/22 10 pm",6.354
"11/17/22 9 pm",6.354
"11/17/22 8 pm",12
"11/17/22 7 pm",10.59
"11/17/22 6 pm",12
"11/17/22 5 pm",4.236
"11/17/22 4 pm",4.942
"11/17/22 3 pm",8.47
"11/17/22 2 pm",11.3
"11/17/22 1 pm",11.3
"11/17/22 12 pm",12
"11/17/22 11 am",9.88
"11/17/22 10 am",11.3
"11/17/22 9 am",10.59
"11/17/22 8 am",13.41
"11/17/22 7 am",16.24
"11/17/22 6 am",15.53
"11/17/22 5 am",22.59
"11/17/22 4 am",26.83
"11/17/22 3 am",28.24
"11/17/22 2 am",22.59
"11/17/22 1 am",22.59
"11/17/22 12 am",20.47
"11/16/22 11 pm",21.89
"11/16/22 10 pm",23.3
"11/16/22 9 pm",17.65
"11/16/22 8 pm",16.24
"11/16/22 7 pm",12
"11/16/22 6 pm",7.766
"11/16/22 5 pm",7.766
"11/16/22 4 pm",0
"11/16/22 3 pm",0.706
"11/16/22 2 pm",0
"11/16/22 1 pm",3.53
"11/16/22 12 pm",6.354
"11/16/22 11 am",1.412
"11/16/22 10 am",2.824
"11/16/22 9 am",2.824
"11/16/22 8 am",4.236
"11/16/22 7 am",2.824
"11/16/22 6 am",4.236
"11/16/22 5 am",7.06
"11/16/22 4 am",6.354
"11/16/22 3 am",7.06
"11/16/22 2 am",9.18
"11/16/22 1 am",9.88
"11/16/22 12 am",10.59
"11/15/22 11 pm",12
"11/15/22 10 pm",10.59
"11/15/22 9 pm",10.59
"11/15/22 8 pm",9.18
"11/15/22 7 pm",7.766
"11/15/22 6 pm",7.06
"11/15/22 5 pm",6.354
"11/15/22 4 pm",5.648
"11/15/22 3 pm",6.354
"11/15/22 2 pm",7.766
"11/15/22 1 pm",8.47
"11/15/22 12 pm",7.766
"11/15/22 11 am",8.47
"11/15/22 10 am",9.88
"11/15/22 9 am",9.18
"11/15/22 8 am",10.59
"11/15/22 7 am",10.59
"11/15/22 6 am",10.59
"11/15/22 5 am",12
"11/15/22 4 am",8.47
"11/15/22 3 am",11.3
"11/15/22 2 am",9.18
"11/15/22 1 am",7.06
"11/15/22 12 am",8.47
"11/14/22 11 pm",7.06
"11/14/22 10 pm",9.18
"11/14/22 9 pm",11.3
"11/14/22 8 pm",12.71
"11/14/22 7 pm",11.3
"11/14/22 6 pm",12.71
"11/14/22 5 pm",12
"11/14/22 4 pm",13.41
"11/14/22 3 pm",14.12
"11/14/22 2 pm",12
"11/14/22 1 pm",11.3
"11/14/22 12 pm",14.83
"11/14/22 11 am",21.18
"11/14/22 10 am",15.53
"11/14/22 9 am",18.36
"11/14/22 8 am",17.65
"11/14/22 7 am",20.47
"11/14/22 6 am",22.59
"11/14/22 5 am",28.95
"11/14/22 4 am",32.48
"11/14/22 3 am",27.53
"11/14/22 2 am",21.89
"11/14/22 1 am",25.42
"11/14/22 12 am",19.06
"11/13/22 11 pm",24
"11/13/22 10 pm",22.59
"11/13/22 9 pm",9.88
"11/13/22 8 pm",7.766
"11/13/22 7 pm",11.3
"11/13/22 6 pm",14.83
"11/13/22 5 pm",14.12
"11/13/22 4 pm",9.18
"11/13/22 3 pm",9.88
"11/13/22 2 pm",9.88
"11/13/22 1 pm",10.59
"11/13/22 12 pm",8.47
"11/13/22 11 am",14.83
"11/13/22 10 am",12
"11/13/22 9 am",16.94
"11/13/22 8 am",12.71
"11/13/22 7 am",10.59
"11/13/22 6 am",9.18
"11/13/22 5 am",7.06
"11/13/22 4 am",8.47
"11/13/22 3 am",5.648
"11/13/22 2 am",4.942
"11/13/22 1 am",4.236
"11/13/22 12 am",7.06
"11/12/22 11 pm",5.648
"11/12/22 10 pm",4.236
"11/12/22 9 pm",0.706
"11/12/22 8 pm",3.53
"11/12/22 7 pm",5.648
"11/12/22 6 pm",6.354
"11/12/22 5 pm",6.354
"11/12/22 4 pm",5.648
"11/12/22 3 pm",4.942
"11/12/22 2 pm",4.942
"11/12/22 1 pm",5.648
"11/12/22 12 pm",4.236
"11/12/22 11 am",4.236
"11/12/22 10 am",6.354
"11/12/22 9 am",5.648
"11/12/22 8 am",2.118
"11/12/22 7 am",3.53
"11/12/22 6 am",5.648
"11/12/22 5 am",6.354
"11/12/22 4 am",
"11/12/22 3 am",
"11/12/22 2 am",9.88
"11/12/22 1 am",13.41
"11/12/22 12 am",10.59
"11/11/22 11 pm",9.18
"11/11/22 10 pm",3.53
"11/11/22 9 pm",4.942
"11/11/22 8 pm",7.06
"11/11/22 7 pm",12.71
"11/11/22 6 pm",19.77
"11/11/22 5 pm",16.94
"11/11/22 4 pm",15.53
"11/11/22 3 pm",3.53
"11/11/22 2 pm",5.648
"11/11/22 1 pm",5.648
"11/11/22 12 pm",4.236
"11/11/22 11 am",10.59
"11/11/22 10 am",14.83
"11/11/22 9 am",21.89
"11/11/22 8 am",21.18
"11/11/22 7 am",20.47
"11/11/22 6 am",21.89
"11/11/22 5 am",23.3
"11/11/22 4 am",32.48
"11/11/22 3 am",26.83
"11/11/22 2 am",26.12
"11/11/22 1 am",26.83
"11/11/22 12 am",26.83
"11/10/22 11 pm",26.12
"11/10/22 10 pm",21.18
"11/10/22 9 pm",17.65
"11/10/22 8 pm",19.77
"11/10/22 7 pm",21.89
"11/10/22 6 pm",17.65
"11/10/22 5 pm",14.12
"11/10/22 4 pm",12.71
"11/10/22 3 pm",11.3
"11/10/22 2 pm",12
"11/10/22 1 pm",5.648
"11/10/22 12 pm",1.412
"11/10/22 11 am",4.236
"11/10/22 10 am",0
"11/10/22 9 am",3.53
"11/10/22 8 am",4.236
"11/10/22 7 am",4.942
"11/10/22 6 am",5.648
"11/10/22 5 am",2.824
"11/10/22 4 am",4.942
"11/10/22 3 am",7.766
"11/10/22 2 am",14.83
"11/10/22 1 am",17.65
"11/10/22 12 am",12.71
"11/9/22 11 pm",10.59
"11/9/22 10 pm",12.71
"11/9/22 9 pm",14.83
"11/9/22 8 pm",17.65
"11/9/22 7 pm",14.83
"11/9/22 6 pm",4.236
"11/9/22 5 pm",0.706
"11/9/22 4 pm",0.706
"11/9/22 3 pm",1.412
"11/9/22 2 pm",5.648
"11/9/22 1 pm",4.942
"11/9/22 12 pm",4.942
"11/9/22 11 am",3.53
"11/9/22 10 am",6.354
"11/9/22 9 am",6.354
"11/9/22 8 am",4.942
"11/9/22 7 am",6.354
"11/9/22 6 am",7.06
"11/9/22 5 am",7.06
"11/9/22 4 am",7.766
"11/9/22 3 am",7.766
"11/9/22 2 am",8.47
"11/9/22 1 am",8.47
"11/9/22 12 am",7.06
"11/8/22 11 pm",7.06
"11/8/22 10 pm",6.354
"11/8/22 9 pm",7.766
"11/8/22 8 pm",5.648
"11/8/22 7 pm",7.766
"11/8/22 6 pm",7.766
"11/8/22 5 pm",8.47
"11/8/22 4 pm",7.766
"11/8/22 3 pm",8.47
"11/8/22 2 pm",9.18
"11/8/22 1 pm",7.766
"11/8/22 12 pm",7.766
"11/8/22 11 am",7.766
"11/8/22 10 am",7.766
"11/8/22 9 am",6.354
"11/8/22 8 am",4.236
"11/8/22 7 am",2.824
"11/8/22 6 am",4.236
"11/8/22 5 am",3.53
"11/8/22 4 am",3.53
"11/8/22 3 am",2.824
"11/8/22 2 am",2.118
"11/8/22 1 am",2.118
"11/8/22 12 am",3.53
"11/7/22 11 pm",5.648
"11/7/22 10 pm",6.354
"11/7/22 9 pm",4.236
"11/7/22 8 pm",3.53
"11/7/22 7 pm",6.354
"11/7/22 6 pm",3.53
"11/7/22 5 pm",3.53
"11/7/22 4 pm",4.942
"11/7/22 3 pm",4.236
"11/7/22 2 pm",6.354
"11/7/22 1 pm",23.3
"11/7/22 12 pm",21.89
"11/7/22 11 am",23.3
"11/7/22 10 am",16.24
"11/7/22 9 am",17.65
"11/7/22 8 am",17.65
"11/7/22 7 am",12.71
"11/7/22 6 am",8.47
"11/7/22 5 am",7.06
"11/7/22 4 am",3.53
"11/7/22 3 am",2.824
"11/7/22 2 am",6.354
"11/7/22 1 am",9.88
"11/7/22 12 am",10.59
"11/6/22 11 pm",9.88
"11/6/22 10 pm",8.47
"11/6/22 9 pm",8.47
"11/6/22 8 pm",7.06
"11/6/22 7 pm",7.766
"11/6/22 6 pm",9.18
"11/6/22 5 pm",24
"11/6/22 4 pm",29.65
"11/6/22 3 pm",36.01
"11/6/22 2 pm",32.48
"11/6/22 1 pm",26.83
"11/6/22 12 pm",25.42
"11/6/22 11 am",21.18
"11/6/22 10 am",18.36
"11/6/22 9 am",13.41
"11/6/22 8 am",15.53
"11/6/22 7 am",18.36
"11/6/22 6 am",11.3
"11/6/22 5 am",16.94
"11/6/22 4 am",6.354
"11/6/22 3 am",13.41
"11/6/22 2 am",23.3
"11/6/22 1 am",26.12
"11/6/22 12 am",29.65
"11/5/22 11 pm",28.24
"11/5/22 10 pm",27.53
"11/5/22 9 pm",29.65
"11/5/22 8 pm",18.36
"11/5/22 7 pm",13.41
"11/5/22 6 pm",13.41
"11/5/22 5 pm",18.36
"11/5/22 4 pm",16.24
"11/5/22 3 pm",21.18
"11/5/22 2 pm",21.89
"11/5/22 1 pm",14.12
"11/5/22 12 pm",16.94
"11/5/22 11 am",22.59
"11/5/22 10 am",16.24
"11/5/22 9 am",19.77
"11/5/22 8 am",21.89
"11/5/22 7 am",19.06
"11/5/22 6 am",38.12
"11/5/22 5 am",31.06
"11/5/22 4 am",37.42
"11/5/22 3 am",43.07
"11/5/22 2 am",40.95
"11/5/22 1 am",50.83
"11/5/22 12 am",43.07
"11/4/22 11 pm",48.71
"11/4/22 10 pm",72.01
"11/4/22 9 pm",44.48
"11/4/22 8 pm",35.3
"11/4/22 7 pm",35.3
"11/4/22 6 pm",32.48
"11/4/22 5 pm",26.83
"11/4/22 4 pm",27.53
"11/4/22 3 pm",28.95
"11/4/22 2 pm",24
"11/4/22 1 pm",28.95
"11/4/22 12 pm",31.06
"11/4/22 11 am",32.48
"11/4/22 10 am",28.24
"11/4/22 9 am",29.65
"11/4/22 8 am",30.36
"11/4/22 7 am",30.36
"11/4/22 6 am",27.53
"11/4/22 5 am",26.83
"11/4/22 4 am",30.36
"11/4/22 3 am",33.18
"11/4/22 2 am",38.12
"11/4/22 1 am",41.65
"11/4/22 12 am",40.95
"11/3/22 11 pm",43.77
"11/3/22 10 pm",45.89
"11/3/22 9 pm",43.77
"11/3/22 8 pm",47.3
"11/3/22 7 pm",45.89
"11/3/22 6 pm",39.54
"11/3/22 5 pm",34.59
"11/3/22 4 pm",33.89
"11/3/22 3 pm",43.07
"11/3/22 2 pm",40.95
"11/3/22 1 pm",36.01
"11/3/22 12 pm",36.71
"11/3/22 11 am",26.83
"11/3/22 10 am",21.18
"11/3/22 9 am",22.59
"11/3/22 8 am",20.47
"11/3/22 7 am",19.77
"11/3/22 6 am",19.06
"11/3/22 5 am",19.06
"11/3/22 4 am",13.41
"11/3/22 3 am",12
"11/3/22 2 am",14.12
"11/3/22 1 am",12.71
"11/3/22 12 am",4.942
"11/2/22 11 pm",2.824
"11/2/22 10 pm",5.648
"11/2/22 9 pm",9.88
"11/2/22 8 pm",7.06
"11/2/22 7 pm",8.47
"11/2/22 6 pm",9.18
"11/2/22 5 pm",8.47
"11/2/22 4 pm",5.648
"11/2/22 3 pm",8.47
"11/2/22 2 pm",7.766
"11/2/22 1 pm",11.3
"11/2/22 12 pm",7.06
"11/2/22 11 am",7.06
"11/2/22 10 am",7.766
"11/2/22 9 am",9.88
"11/2/22 8 am",9.18
"11/2/22 7 am",7.766
"11/2/22 6 am",7.06
"11/2/22 5 am",9.88
"11/2/22 4 am",7.06
"11/2/22 3 am",7.06
"11/2/22 2 am",7.06
"11/2/22 1 am",6.354
"11/2/22 12 am",5.648
"11/1/22 11 pm",7.766
"11/1/22 10 pm",5.648
"11/1/22 9 pm",7.06
"11/1/22 8 pm",3.53
"11/1/22 7 pm",2.824
"11/1/22 6 pm",2.824
"11/1/22 5 pm",0.706
"11/1/22 4 pm",3.53
"11/1/22 3 pm",4.236
"11/1/22 2 pm",4.942
"11/1/22 1 pm",5.648
"11/1/22 12 pm",9.18
"11/1/22 11 am",8.47
"11/1/22 10 am",7.766
"11/1/22 9 am",10.59
"11/1/22 8 am",8.47
"11/1/22 7 am",9.88
"11/1/22 6 am",12
"11/1/22 5 am",9.18
"11/1/22 4 am",12
"11/1/22 3 am",12
"11/1/22 2 am",13.41
"11/1/22 1 am",16.24
"11/1/22 12 am",11.3
"10/31/22 11 pm",14.12
