Date PDT,Temp F,PcpAc in,âPcp in,SWE in,âSWE in,SnoHt in,âSnoHt in
Mar 31 23:00,28,54.7,0.4,47,1,125,14
Mar 31 22:00,28,54.6,0.3,46.9,0.8,123,12
Mar 31 21:00,28,54.5,0.2,46.7,0.6,121,10
Mar 31 20:00,28,54.5,0.2,46.7,0.6,119,7
Mar 31 19:00,29,54.5,0.2,46.6,0.5,117,5
Mar 31 18:00,29,54.5,0.2,46.5,0.4,115,4
Mar 31 17:00,29,54.4,0.1,46.4,0.3,113,2
Mar 31 16:00,30,54.4,0.1,46.3,0.2,113,2
Mar 31 15:00,30,54.4,0.1,46.2,0.1,113,2
Mar 31 14:00,31,54.4,0.1,46.2,0,112,0
Mar 31 13:00,31,54.4,0.1,46.1,0,112,0
Mar 31 12:00,30,54.4,0.1,46.1,0,110,-3
Mar 31 11:00,29,54.4,0.1,46.1,0,112,-2
Mar 31 10:00,28,54.4,0.1,46.1,0,111,-2
Mar 31 9:00,28,54.4,0.1,46.1,0,111,-3
Mar 31 8:00,27,54.3,0,46.1,0,111,-3
Mar 31 7:00,27,54.3,0,46.1,-0.1,112,-2
Mar 31 6:00,26,54.3,0,46.1,-0.1,112,-2
Mar 31 5:00,26,54.3,0,46.1,-0.1,112,-2
Mar 31 4:00,26,54.3,0,46.1,-0.1,112,-2
Mar 31 3:00,26,54.3,0,46.1,-0.1,112,-2
Mar 31 2:00,25,54.3,0,46,-0.2,111,-3
Mar 31 1:00,26,54.3,0,46.1,-0.1,111,-3
Mar 31 0:00,26,54.3,0,46,-0.2,111,-3
Mar 30 23:00,27,54.3,0,46,-0.2,111,-3
Mar 30 22:00,28,54.3,0,46.1,-0.1,111,-3
Mar 30 21:00,29,54.3,0,46.1,-0.1,111,-3
Mar 30 20:00,30,54.3,0,46.1,-0.1,112,-2
Mar 30 19:00,31,54.3,0,46.1,-0.1,112,-2
Mar 30 18:00,32,54.3,0,46.1,-0.1,111,-3
Mar 30 17:00,32,54.3,0,46.1,-0.1,111,-3
Mar 30 15:00,36,54.3,0,46.1,0,111,-3
Mar 30 14:00,36,54.3,0,46.2,0.1,112,-2
Mar 30 13:00,38,54.3,0,46.1,0,112,-2
Mar 30 12:00,37,54.3,0,46.1,0,113,-1
Mar 30 11:00,34,54.3,0,46.1,0,114,0
Mar 30 10:00,33,54.3,0,46.1,0,113,-1
Mar 30 9:00,31,54.3,0.1,46.1,0,114,0
Mar 30 8:00,28,54.3,0.1,46.1,0,114,-1
Mar 30 7:00,25,54.3,0.1,46.2,0.1,114,0
Mar 30 6:00,26,54.3,0.1,46.2,0.1,114,1
Mar 30 5:00,26,54.3,0.1,46.2,0.1,114,1
Mar 30 4:00,27,54.3,0.1,46.2,0.1,114,0
Mar 30 3:00,28,54.3,0.1,46.2,0.1,114,0
Mar 30 2:00,27,54.3,0.1,46.2,0.1,114,0
Mar 30 1:00,28,54.3,0.2,46.2,0.1,114,1
Mar 30 0:00,27,54.3,0.2,46.2,0.1,114,1
Mar 29 23:00,28,54.3,0.2,46.2,0.1,114,0
Mar 29 21:00,28,54.3,0.2,46.2,0.1,114,0
Mar 29 20:00,29,54.3,0.2,46.2,0.2,114,1
Mar 29 19:00,31,54.3,0.2,46.2,0.2,114,2
Mar 29 18:00,34,54.3,0.3,46.2,0.2,114,4
Mar 29 17:00,33,54.3,0.3,46.2,0.2,114,4
Mar 29 16:00,34,54.3,0.3,46.2,0.2,114,3
Mar 29 15:00,36,54.3,0.3,46.1,0.1,114,3
Mar 29 14:00,35,54.3,0.3,46.1,0.1,114,3
Mar 29 13:00,33,54.3,0.3,46.1,0,114,3
Mar 29 12:00,32,54.3,0.3,46.1,0.1,114,3
Mar 29 11:00,33,54.3,0.3,46.1,0.1,114,3
Mar 29 10:00,31,54.3,0.3,46.1,0.1,114,2
Mar 29 9:00,30,54.2,0.2,46.1,0.1,114,2
Mar 29 8:00,28,54.2,0.2,46.1,0.1,115,3
Mar 29 7:00,28,54.2,0.2,46.1,0.1,114,2
Mar 29 6:00,28,54.2,0.2,46.1,0.1,113,1
Mar 29 5:00,28,54.2,0.2,46.1,0.1,113,1
Mar 29 4:00,28,54.2,0.2,46.1,0.1,114,2
Mar 29 3:00,28,54.2,0.2,46.1,0.1,114,2
Mar 29 2:00,29,54.2,0.2,46.1,0.1,114,2
Mar 29 1:00,29,54.1,0.1,46.1,0.1,113,1
Mar 29 0:00,29,54.1,0.1,46.1,0.1,113,1
Mar 28 23:00,29,54.1,0.1,46.1,0.1,114,2
Mar 28 22:00,29,54.1,0.1,46.1,0.1,114,2
Mar 28 21:00,29,54.1,0.1,46.1,0.1,114,2
Mar 28 20:00,29,54.1,0.1,46,0,113,1
Mar 28 19:00,29,54.1,0.1,46,0,112,0
Mar 28 18:00,29,54,0,46,0,110,-2
Mar 28 17:00,30,54,0,46,0,110,-2
Mar 28 16:00,31,54,0,46,0.1,111,-1
Mar 28 15:00,32,54,0,46,0.1,111,-1
Mar 28 14:00,31,54,0,46,0.1,111,-1
Mar 28 13:00,31,54,0,46.1,0.2,111,-1
Mar 28 12:00,31,54,0,46,0.1,111,-1
Mar 28 11:00,29,54,0,46,0.1,111,-1
Mar 28 10:00,29,54,0,46,0.2,112,0
Mar 28 9:00,28,54,0,46,0.2,112,0
Mar 28 8:00,26,54,0,46,0.2,112,0
Mar 28 7:00,26,54,0,46,0.2,112,0
Mar 28 6:00,26,54,0,46,0.2,112,0
Mar 28 5:00,27,54,0,46,0.2,112,0
Mar 28 4:00,27,54,0,46,0.2,112,0
Mar 28 3:00,28,54,0,46,0.2,112,0
Mar 28 2:00,28,54,0,46,0.2,112,0
Mar 28 1:00,28,54,0,46,0.2,112,0
Mar 28 0:00,28,54,0,46,0.2,112,0
Mar 27 23:00,28,54,0,46,0.2,112,0
Mar 27 22:00,28,54,0,46,0.2,112,0
Mar 27 21:00,28,54,0,46,0.1,112,0
Mar 27 20:00,28,54,0,46,0.1,112,0
Mar 27 19:00,29,54,0,46,0.1,112,0
Mar 27 18:00,30,54,0,46,0.2,112,0
Mar 27 17:00,31,54,0,46,0.2,112,0
Mar 27 16:00,32,54,0,45.9,0.1,112,0
Mar 27 15:00,32,54,0.1,45.9,0.1,112,0
Mar 27 14:00,32,54,0.1,45.9,0.1,112,-1
Mar 27 13:00,32,54,0.1,45.9,0.1,112,-1
Mar 27 12:00,32,54,0.3,45.9,0.1,112,-1
Mar 27 11:00,29,54,0.2,45.9,0.1,112,-1
Mar 27 10:00,28,54,0.2,45.8,0,112,-2
Mar 27 9:00,22,54,0.2,45.8,0,112,-2
Mar 27 8:00,15,54,0.2,45.8,0,112,-2
Mar 27 7:00,13,54,0.3,45.8,0,112,-2
Mar 27 6:00,13,54,0.3,45.8,0,112,-2
Mar 27 5:00,14,54,0.2,45.8,0,112,-2
Mar 27 4:00,14,54,0.3,45.8,-0.1,112,-2
Mar 27 3:00,13,54,0.3,45.8,-0.1,112,-2
Mar 27 2:00,13,54,0.3,45.8,-0.1,112,-2
Mar 27 1:00,14,54,0.3,45.8,-0.1,112,-2
Mar 27 0:00,15,54,0.2,45.8,-0.1,112,-2
Mar 26 23:00,18,54,0.2,45.8,-0.1,112,-1
Mar 26 22:00,20,54,0.2,45.8,-0.1,112,-2
Mar 26 21:00,24,54,0.2,45.9,-0.1,112,-3
Mar 26 20:00,23,54,0.3,45.9,-0.1,112,-2
Mar 26 19:00,27,54,0.3,45.9,-0.1,112,-3
Mar 26 18:00,28,54,0.3,45.8,-0.2,112,-2
Mar 26 17:00,30,54,0.3,45.8,-0.2,112,-2
Mar 26 16:00,31,54,0.3,45.8,-0.2,112,-2
Mar 26 15:00,33,53.9,0.2,45.8,-0.2,112,-2
Mar 26 14:00,32,53.9,0.2,45.8,-0.2,113,-2
Mar 26 13:00,30,53.9,0.2,45.8,-0.2,113,-2
Mar 26 12:00,26,53.7,0,45.8,-0.2,113,-2
Mar 26 11:00,24,53.8,0.1,45.8,-0.2,113,-2
Mar 26 10:00,22,53.8,0.1,45.8,-0.2,114,-1
Mar 26 9:00,20,53.8,0.1,45.8,-0.2,114,0
Mar 26 8:00,18,53.8,0.1,45.8,-0.2,114,0
Mar 26 7:00,12,53.7,0,45.8,-0.2,114,0
Mar 26 6:00,14,53.7,0,45.8,-0.2,114,-1
Mar 26 5:00,11,53.8,0.1,45.8,-0.2,114,-1
Mar 26 4:00,11,53.7,0,45.9,-0.2,114,
Mar 26 3:00,12,53.7,0,45.9,-0.2,114,-1
Mar 26 2:00,12,53.7,0,45.9,-0.1,114,
Mar 26 1:00,13,53.7,0,45.9,-0.1,114,
Mar 26 0:00,13,53.8,0.1,45.9,-0.2,114,0
Mar 25 23:00,15,53.8,0.1,45.9,-0.1,113,-1
Mar 25 22:00,18,53.8,0.1,45.9,-0.1,114,-2
Mar 25 21:00,21,53.8,0.1,46,-0.1,115,1
Mar 25 20:00,23,53.7,0,46,-0.1,114,0
Mar 25 19:00,24,53.7,0,46,-0.1,115,1
Mar 25 18:00,26,53.7,0,46,0,114,-2
Mar 25 17:00,29,53.7,0,46,0,114,-1
Mar 25 16:00,27,53.7,0,46,0,114,-1
Mar 25 15:00,28,53.7,0,46,0,114,-1
Mar 25 14:00,27,53.7,0,46,0,115,0
Mar 25 13:00,29,53.7,0,46,0,115,0
Mar 25 12:00,28,53.7,0,46,0,115,0
Mar 25 11:00,24,53.7,0.1,46,0,115,0
Mar 25 10:00,24,53.7,0.1,46,-0.1,115,1
Mar 25 9:00,21,53.7,0.1,46,0,114,-1
Mar 25 8:00,18,53.7,0.1,46,-0.1,114,0
Mar 25 7:00,17,53.7,0.1,46,-0.1,114,-2
Mar 25 6:00,17,53.7,0.1,46,-0.1,115,-1
Mar 25 5:00,16,53.7,0.1,46,-0.1,115,-1
Mar 25 4:00,19,53.7,0.1,46.1,0,,
Mar 25 3:00,20,53.7,0.1,46.1,0,115,-1
Mar 25 2:00,20,53.7,0.1,46,-0.1,,
Mar 25 1:00,21,53.7,0.1,46,-0.1,,
Mar 25 0:00,22,53.7,0.1,46.1,0,114,-2
Mar 24 23:00,21,53.7,0.1,46,-0.1,114,-2
Mar 24 22:00,21,53.7,0.2,46,-0.1,116,0
Mar 24 21:00,23,53.7,0.2,46.1,0,114,-2
Mar 24 20:00,24,53.7,0.2,46.1,-0.1,114,-2
Mar 24 19:00,25,53.7,0.2,46.1,0,114,-1
Mar 24 18:00,26,53.7,0.2,46,-0.1,116,3
Mar 24 17:00,25,53.7,0.1,46,-0.1,115,2
Mar 24 16:00,26,53.7,0.1,46,-0.1,115,2
Mar 24 15:00,26,53.7,0.2,46,-0.2,115,1
Mar 24 14:00,28,53.7,1.2,46,-0.1,115,1
Mar 24 13:00,27,53.7,0.2,46,-0.1,115,3
Mar 24 12:00,27,53.7,0.2,46,0,115,3
Mar 24 11:00,26,53.6,0.2,46,0,115,3
Mar 24 10:00,26,53.6,1.2,46.1,0.1,114,2
Mar 24 9:00,24,53.6,1.2,46,0,115,3
Mar 24 8:00,23,53.6,1.2,46.1,0.1,114,2
Mar 24 6:00,22,53.6,1.2,46.1,0.1,116,4
Mar 24 5:00,21,53.6,1.2,46.1,0.1,116,6
Mar 24 4:00,21,53.6,1.2,46.1,0.1,116,4
Mar 24 3:00,21,53.6,1.2,46.1,0.2,116,4
Mar 24 2:00,16,53.6,1.2,46.1,0.2,116,4
Mar 24 1:00,20,53.6,1.3,46.1,0.3,116,6
Mar 24 0:00,22,53.6,1.4,46.1,0.4,116,6
Mar 23 23:00,22,53.6,1.4,46.1,0.5,116,6
Mar 23 22:00,23,53.5,1.3,46.1,0.6,116,6
Mar 23 21:00,23,53.5,1.2,46.1,0.6,116,6
Mar 23 20:00,25,53.5,1.3,46.2,0.8,116,6
Mar 23 19:00,26,53.5,1.3,46.1,0.8,115,5
Mar 23 18:00,26,53.5,1.3,46.1,0.9,113,3
Mar 23 16:00,28,53.6,1.4,46.1,0.9,113,3
Mar 23 15:00,32,53.5,1.3,46.2,1.1,114,4
Mar 23 14:00,31,52.5,0.3,46.1,1,114,4
Mar 23 13:00,31,53.5,1.3,46.1,1,112,1
Mar 23 12:00,32,53.5,1.3,46,1,112,1
Mar 23 11:00,30,53.4,1.2,46,0.9,112,0
Mar 23 10:00,28,52.4,0.2,46,0.9,112,0
Mar 23 9:00,29,52.4,0.2,46,0.9,112,0
Mar 23 8:00,29,52.4,0.2,46,0.9,112,0
Mar 23 7:00,29,52.4,0.2,46,0.8,112,0
Mar 23 6:00,29,52.4,0.2,46,0.8,112,0
Mar 23 5:00,30,52.4,0.2,46,0.8,110,-2
Mar 23 4:00,30,52.4,0.2,46,0.8,112,0
Mar 23 3:00,30,52.4,0.2,45.9,0.7,112,0
Mar 23 2:00,31,52.4,0.2,45.9,0.6,112,0
Mar 23 1:00,31,52.3,0.1,45.8,0.5,110,-2
Mar 23 0:00,32,52.2,0,45.7,0.4,110,-2
Mar 22 23:00,31,52.2,0,45.6,0.3,110,-2
Mar 22 22:00,31,52.2,0,45.5,0.2,110,-2
Mar 22 21:00,31,52.3,0.1,45.5,0.2,110,-2
Mar 22 20:00,33,52.2,0,45.4,0.1,110,-2
Mar 22 19:00,34,52.2,0,45.3,0,110,-2
Mar 22 18:00,37,52.2,0,45.2,-0.1,110,-2
Mar 22 17:00,39,52.2,0,45.2,-0.1,110,-2
Mar 22 16:00,45,52.2,0,45.2,-0.1,110,-2
Mar 22 15:00,44,52.2,0,45.1,-0.2,110,-2
Mar 22 14:00,44,52.2,0,45.1,-0.2,110,-3
Mar 22 13:00,44,52.2,0.1,45.1,-0.2,111,0
Mar 22 12:00,39,52.2,0.1,45,-0.3,111,-2
Mar 22 11:00,34,52.2,0.1,45.1,-0.1,112,1
Mar 22 10:00,30,52.2,0.1,45.1,-0.2,112,
Mar 22 9:00,25,52.2,0.2,45.1,-0.2,112,0
Mar 22 8:00,22,52.2,0.2,45.1,-0.2,112,-1
Mar 22 7:00,20,52.2,0.2,45.2,-0.1,112,-1
Mar 22 6:00,21,52.2,0.2,45.2,-0.1,112,-1
Mar 22 5:00,21,52.2,0.2,45.2,-0.1,112,-2
Mar 22 4:00,22,52.2,0.2,45.2,-0.1,112,-2
Mar 22 3:00,23,52.2,0.2,45.2,-0.1,112,-1
Mar 22 2:00,24,52.2,0.2,45.3,0,112,-2
Mar 22 1:00,24,52.2,0.2,45.3,0,112,-2
Mar 22 0:00,25,52.2,0.2,45.3,0,112,-2
Mar 21 23:00,26,52.2,0.2,45.3,0,112,-2
Mar 21 22:00,28,52.2,0.2,45.3,0.1,112,-2
Mar 21 21:00,29,52.2,0.2,45.3,0.1,112,-2
Mar 21 20:00,30,52.2,0.2,45.3,0.1,112,-2
Mar 21 19:00,31,52.2,0.1,45.3,0.1,112,-2
Mar 21 18:00,33,52.2,0.1,45.3,0.1,112,0
Mar 21 17:00,39,52.2,0.2,45.3,0.1,112,1
Mar 21 16:00,42,52.2,0.2,45.3,0.1,112,-1
Mar 21 15:00,39,52.2,0.2,45.3,0.1,112,-1
Mar 21 14:00,35,52.2,0.3,45.3,0.2,113,0
Mar 21 13:00,35,52.1,0.2,45.3,0.3,111,-2
Mar 21 12:00,33,52.1,0.2,45.3,0.3,113,0
Mar 21 11:00,34,52.1,0.3,45.2,0.2,111,-1
Mar 21 10:00,33,52.1,0.3,45.3,0.3,,
Mar 21 9:00,29,52,0.2,45.3,0.3,112,-1
Mar 21 8:00,26,52,0.2,45.3,0.2,113,0
Mar 21 7:00,27,52,0.2,45.3,0.2,113,0
Mar 21 6:00,29,52,0.2,45.3,0.2,113,0
Mar 21 5:00,29,52,0.2,45.3,0.1,114,1
Mar 21 4:00,29,52,0.2,45.3,0.1,114,1
Mar 21 3:00,30,52,0.2,45.3,0.1,113,0
Mar 21 2:00,29,52,0.2,45.3,0.2,114,1
Mar 21 1:00,30,52,0.3,45.3,0.2,114,2
Mar 21 0:00,30,52,0.3,45.3,0.2,114,4
Mar 20 23:00,31,52,0.4,45.3,0.3,114,3
Mar 20 22:00,31,52,0.4,45.2,0.2,114,3
Mar 20 21:00,32,52,0.4,45.2,0.2,114,3
Mar 20 20:00,32,52,0.4,45.2,0.1,114,3
Mar 20 19:00,33,52.1,0.5,45.2,0.1,114,3
Mar 20 18:00,33,52.1,0.5,45.2,0.1,112,1
Mar 20 17:00,35,52,0.4,45.2,0.1,111,0
Mar 20 16:00,38,52,0.4,45.2,0.1,113,2
Mar 20 15:00,36,52,0.4,45.2,0.1,113,1
Mar 20 14:00,35,51.9,0.3,45.1,0,113,1
Mar 20 13:00,35,51.9,0.3,45,0,113,1
Mar 20 12:00,37,51.9,0.3,45,0,113,1
Mar 20 11:00,33,51.8,0.2,45,0,112,0
Mar 20 10:00,33,51.8,0.2,45,0,113,1
Mar 20 9:00,33,51.8,0.2,45,0,113,1
Mar 20 8:00,32,51.8,0.2,45.1,0.1,113,1
Mar 20 7:00,31,51.8,0.2,45.1,0.1,113,1
Mar 20 6:00,31,51.8,0.2,45.1,0.1,113,1
Mar 20 5:00,31,51.8,0.2,45.2,0.3,113,0
Mar 20 4:00,31,51.8,0.2,45.2,0.3,113,0
Mar 20 3:00,31,51.8,0.2,45.2,0.3,113,0
Mar 20 2:00,32,51.8,0.2,45.1,0.2,113,0
Mar 20 1:00,31,51.7,0.1,45.1,0.3,112,-1
Mar 20 0:00,32,51.7,0.1,45.1,0.3,110,-3
Mar 19 23:00,32,51.6,0,45,0.3,111,-2
Mar 19 22:00,32,51.6,0,45,0.3,111,-2
Mar 19 21:00,33,51.6,0,45,0.4,111,-2
Mar 19 20:00,34,51.6,0,45.1,0.5,111,-2
Mar 19 19:00,35,51.6,0,45.1,0.6,111,-2
Mar 19 18:00,36,51.6,0,45.1,0.6,111,-2
Mar 19 17:00,38,51.6,0,45.1,0.6,111,-1
Mar 19 16:00,40,51.6,0,45.1,0.7,111,-1
Mar 19 15:00,40,51.6,0,45.1,0.7,112,-1
Mar 19 14:00,41,51.6,0,45.1,0.7,112,-2
Mar 19 13:00,40,51.6,0,45,0.6,112,-2
Mar 19 12:00,39,51.6,0,45,0.7,112,-3
Mar 19 11:00,37,51.6,0,45,0.7,112,-4
Mar 19 10:00,33,51.6,0,45,0.7,112,-4
Mar 19 9:00,30,51.6,0,45,0.7,112,-4
Mar 19 8:00,28,51.6,0,45,0.7,112,-4
Mar 19 7:00,27,51.6,0,45,0.6,112,-4
Mar 19 6:00,27,51.6,0,45,0.7,112,-4
Mar 19 5:00,28,51.6,0,44.9,0.6,113,-3
Mar 19 4:00,27,51.6,0,44.9,0.6,113,-3
Mar 19 3:00,27,51.6,0,44.9,0.6,113,-3
Mar 19 2:00,27,51.6,0,44.9,0.6,113,-3
Mar 19 1:00,28,51.6,0,44.8,0.5,113,-3
Mar 19 0:00,28,51.6,0,44.8,0.5,113,-3
Mar 18 23:00,28,51.6,0,44.7,0.4,113,-3
Mar 18 22:00,29,51.6,0,44.7,0.4,113,-3
Mar 18 21:00,30,51.6,0,44.6,0.3,113,-3
Mar 18 20:00,31,51.6,0,44.6,0.3,113,-4
Mar 18 19:00,33,51.6,0,44.5,0.2,113,-4
Mar 18 18:00,36,51.6,0,44.5,0.2,113,-3
Mar 18 17:00,43,51.6,0,44.5,0.2,112,-4
Mar 18 16:00,45,51.6,0,44.4,0.1,112,-4
Mar 18 15:00,46,51.6,0,44.4,0.1,113,-3
Mar 18 14:00,44,51.6,2.6,44.4,0.2,114,-3
Mar 18 13:00,44,51.6,2.6,44.4,0.2,114,-3
Mar 18 12:00,40,51.6,2.7,44.3,0.1,115,-2
Mar 18 11:00,35,51.6,2.7,44.3,0.1,116,-2
Mar 18 10:00,30,51.6,2.7,44.3,0.1,116,-2
Mar 18 9:00,27,51.6,2.7,44.3,0.1,116,-2
Mar 18 8:00,24,51.6,2.7,44.3,0.1,116,-2
Mar 18 7:00,25,51.6,2.7,44.4,0.2,116,-2
Mar 18 6:00,26,51.6,2.7,44.3,0.1,116,-2
Mar 18 5:00,26,51.6,2.7,44.3,0.1,116,-2
Mar 18 4:00,26,51.6,2.7,44.3,0.1,116,-2
Mar 18 3:00,26,51.6,2.7,44.3,0.1,116,-2
Mar 18 2:00,26,51.6,2.7,44.3,0.1,116,-2
Mar 18 1:00,26,51.6,,44.3,0.1,116,-2
Mar 18 0:00,26,51.6,2.7,44.3,0.1,116,-2
Mar 17 23:00,27,51.6,2.7,44.3,0.1,116,-3
Mar 17 22:00,28,51.6,2.7,44.3,0.1,116,-2
Mar 17 21:00,29,51.6,2.6,44.3,0,116,-3
Mar 17 20:00,30,51.6,2.6,44.3,0,117,-2
Mar 17 19:00,31,51.6,2.6,44.3,0,117,-2
Mar 17 18:00,35,51.6,2.6,44.3,0,116,-3
Mar 17 17:00,38,51.6,2.7,44.3,0,116,-2
Mar 17 16:00,42,51.6,2.7,44.3,0,116,-2
Mar 17 15:00,42,51.6,2.8,44.3,0,116,-3
Mar 17 14:00,41,49,0.2,44.2,-0.1,117,-2
Mar 17 13:00,40,49,0.2,44.2,0,117,-2
Mar 17 12:00,36,48.9,0.1,44.2,0,117,-3
Mar 17 11:00,31,48.9,0.1,44.2,0,118,-3
Mar 17 9:00,22,48.9,0.1,44.2,0,118,-2
Mar 17 8:00,17,48.9,0.1,44.2,0,118,-3
Mar 17 7:00,15,48.9,0.1,44.2,0,118,-3
Mar 17 6:00,15,48.9,0.1,44.2,0,118,-3
Mar 17 5:00,16,48.9,0.1,44.2,0,118,-3
Mar 17 4:00,16,48.9,0.1,44.2,0,118,-3
Mar 17 3:00,17,48.9,0.1,44.2,0,118,-3
Mar 17 2:00,17,48.9,0.1,44.2,0,118,-3
Mar 17 1:00,17,,,44.2,0,118,-3
Mar 17 0:00,18,48.9,0.1,44.2,0,118,-3
Mar 16 23:00,19,48.9,0.1,44.2,0,119,-3
Mar 16 22:00,21,48.9,0.1,44.2,0,118,-4
Mar 16 21:00,23,49,0.2,44.3,0.1,119,-3
Mar 16 20:00,26,49,0.2,44.3,0.1,119,-3
Mar 16 19:00,28,49,0.2,44.3,0.1,119,-3
Mar 16 18:00,30,49,0.2,44.3,0.1,119,-3
Mar 16 17:00,34,48.9,0.1,44.3,0.1,118,-4
Mar 16 16:00,37,48.9,0.1,44.3,0.1,118,-4
Mar 16 15:00,36,48.8,0,44.3,0.1,119,-3
Mar 16 14:00,37,48.8,0,44.3,0.1,119,-3
Mar 16 13:00,37,48.8,0,44.2,0,119,-3
Mar 16 12:00,32,48.8,0,44.2,0,120,-2
Mar 16 11:00,29,48.8,0.1,44.2,0,121,-2
Mar 16 10:00,25,48.8,0,44.2,0,121,-2
Mar 16 9:00,19,48.8,0,44.2,-0.1,120,-3
Mar 16 8:00,13,48.8,0.1,44.2,-0.1,121,-1
Mar 16 7:00,13,48.8,0,44.2,-0.1,121,-1
Mar 16 6:00,13,48.8,,44.2,-0.1,121,0
Mar 16 5:00,14,48.8,0.1,44.2,-0.1,121,-1
Mar 16 4:00,15,48.8,0,44.2,-0.1,121,-1
Mar 16 3:00,14,48.8,0,44.2,-0.1,121,-1
Mar 16 2:00,14,48.8,0.1,44.2,-0.2,121,0
Mar 16 1:00,16,,,44.2,-0.2,121,-1
Mar 16 0:00,17,48.8,0.1,44.2,-0.2,121,1
Mar 15 23:00,18,48.8,0,44.2,-0.2,122,1
Mar 15 22:00,21,48.8,0,44.2,-0.2,122,0
Mar 15 21:00,21,48.8,0,44.2,-0.3,122,0
Mar 15 20:00,23,48.8,0,44.2,-0.3,122,0
Mar 15 19:00,24,48.8,0,44.2,-0.4,122,0
Mar 15 18:00,26,48.8,0,44.2,-0.4,122,0
Mar 15 17:00,28,48.8,0.1,44.2,-0.4,122,0
Mar 15 16:00,32,48.8,0.1,44.2,-0.4,122,0
Mar 15 15:00,32,48.8,0.1,44.2,-0.4,122,0
Mar 15 14:00,34,48.8,0.1,44.2,-0.4,122,0
Mar 15 13:00,31,48.8,0.1,44.2,-0.4,122,0
Mar 15 12:00,28,48.8,0.1,44.2,-0.3,122,0
Mar 15 11:00,26,48.7,0,44.2,-0.3,123,0
Mar 15 10:00,25,48.8,0.1,44.2,-0.3,123,0
Mar 15 9:00,24,48.8,0.1,44.3,-0.1,123,0
Mar 15 8:00,24,48.7,0,44.3,-0.1,122,-2
Mar 15 7:00,24,48.8,0.1,44.3,-0.1,122,-2
Mar 15 6:00,24,,,44.3,-0.1,121,-3
Mar 15 5:00,24,48.7,0,44.3,-0.1,122,-2
Mar 15 4:00,24,48.8,0.1,44.3,-0.1,122,-2
Mar 15 3:00,24,48.8,0.1,44.3,-0.1,122,-1
Mar 15 2:00,24,48.7,0,44.4,0,121,-3
Mar 15 1:00,25,48.8,0.1,44.4,0,122,-2
Mar 15 0:00,25,48.7,0,44.4,0,120,-5
Mar 14 23:00,24,48.8,0.1,44.4,-0.1,121,-4
Mar 14 22:00,22,48.8,0.1,44.4,-0.1,122,-3
Mar 14 21:00,20,48.8,0.1,44.5,0,122,-4
Mar 14 20:00,22,48.8,0.1,44.5,0,122,-3
Mar 14 19:00,25,48.8,0.1,44.6,0.1,122,-3
Mar 14 18:00,29,48.8,0.1,44.6,0.1,122,-3
Mar 14 17:00,31,48.7,0,44.6,0.2,122,-3
Mar 14 16:00,34,48.7,0,44.6,0.2,122,-3
Mar 14 15:00,34,48.7,0.1,44.6,0.2,122,-3
Mar 14 14:00,33,48.7,0.1,44.6,0.3,122,-2
Mar 14 13:00,34,48.7,0.2,44.6,0.3,122,-2
Mar 14 12:00,29,48.7,0.2,44.5,0.2,122,-2
Mar 14 11:00,27,48.7,0.3,44.5,0.3,123,0
Mar 14 10:00,23,48.7,0.5,44.5,0.3,123,1
Mar 14 9:00,22,48.7,0.6,44.4,0.2,123,0
Mar 14 8:00,19,48.7,0.6,44.4,0.3,124,2
Mar 14 7:00,17,48.7,0.6,44.4,0.4,124,3
Mar 14 6:00,17,48.7,0.6,44.4,0.5,124,3
Mar 14 5:00,14,48.7,0.6,44.4,0.6,124,4
Mar 14 4:00,16,48.7,0.6,44.4,0.6,124,4
Mar 14 3:00,17,48.7,0.6,44.4,0.7,123,3
Mar 14 2:00,17,48.7,0.6,44.4,0.8,124,4
Mar 14 1:00,17,48.7,0.6,44.4,0.9,124,5
Mar 14 0:00,20,48.7,0.7,44.4,1,125,6
Mar 13 23:00,22,48.7,0.6,44.5,1.2,125,7
Mar 13 22:00,23,48.7,0.7,44.5,1.2,125,7
Mar 13 21:00,24,48.7,0.7,44.5,1.3,126,8
Mar 13 20:00,25,48.7,0.6,44.5,1.3,125,7
Mar 13 19:00,27,48.7,0.7,44.5,1.3,125,7
Mar 13 18:00,28,48.7,0.6,44.5,1.4,125,7
Mar 13 17:00,29,48.7,0.7,44.4,1.3,125,7
Mar 13 16:00,30,48.7,0.7,44.4,1.4,125,8
Mar 13 15:00,31,48.6,0.6,44.4,1.4,125,9
Mar 13 14:00,33,48.6,0.6,44.3,1.4,124,8
Mar 13 13:00,33,48.5,0.5,44.3,1.5,124,9
Mar 13 12:00,33,48.5,0.5,44.3,1.6,124,10
Mar 13 11:00,34,48.4,0.4,44.2,1.6,123,10
Mar 13 10:00,35,48.2,0.2,44.2,1.6,122,10
Mar 13 9:00,33,48.1,0.2,44.2,1.6,123,10
Mar 13 8:00,33,48.1,0.2,44.1,1.5,122,9
Mar 13 7:00,33,48.1,0.2,44,1.4,121,9
Mar 13 6:00,33,48.1,0.1,43.9,1.3,121,8
Mar 13 5:00,33,48.1,0.2,43.8,1.2,120,7
Mar 13 4:00,33,48.1,0.1,43.8,1.2,120,7
Mar 13 3:00,33,48.1,0.2,43.7,1.1,120,7
Mar 13 2:00,33,48.1,0.1,43.6,1,120,7
Mar 13 1:00,33,48.1,0.1,43.5,0.9,119,6
Mar 13 0:00,33,48,0.1,43.4,0.8,119,6
Mar 12 23:00,33,48.1,0.1,43.3,0.7,118,5
Mar 12 22:00,30,48,0,43.3,0.7,118,4
Mar 12 21:00,30,48,0,43.2,0.6,118,4
Mar 12 20:00,29,48.1,0.1,43.2,0.6,118,4
Mar 12 19:00,29,48,0,43.2,0.6,118,4
Mar 12 18:00,29,48.1,0.1,43.1,0.5,118,5
Mar 12 17:00,29,48,0.1,43.1,0.5,118,4
Mar 12 16:00,30,48,0.1,43,0.4,117,5
Mar 12 15:00,30,48,0.1,43,0.4,116,2
Mar 12 14:00,29,48,0.1,42.9,0.3,116,1
Mar 12 13:00,29,48,0.1,42.8,0.2,115,0
Mar 12 12:00,29,48,0.1,42.7,0.1,114,-2
Mar 12 11:00,28,48,0.1,42.6,0,113,-1
Mar 12 10:00,29,48,0.1,42.6,0,112,-4
Mar 12 9:00,27,47.9,0,42.6,0,113,-3
Mar 12 8:00,20,47.9,0,42.6,0,113,-3
Mar 12 7:00,17,47.9,0,42.6,0,112,-4
Mar 12 6:00,18,48,0.1,42.6,0,113,-3
Mar 12 5:00,18,47.9,0,42.6,0,113,-3
Mar 12 4:00,17,48,0.1,42.6,0,113,-3
Mar 12 3:00,17,47.9,0,42.6,0.1,113,-3
Mar 12 1:00,19,48,0.1,42.6,0.1,113,-3
Mar 12 0:00,22,48,0.1,42.6,0.1,113,-3
Mar 11 23:00,22,47.9,0,42.6,0,113,-3
Mar 11 22:00,22,48,0.1,42.6,0,113,-2
Mar 11 21:00,20,48,0.1,42.6,0.1,114,-2
Mar 11 20:00,23,48,0.1,42.6,0,114,-2
Mar 11 19:00,26,48,0.1,42.6,0,114,-2
Mar 11 18:00,27,48,0.1,42.6,0,114,-2
Mar 11 17:00,29,48,0.1,42.6,0,113,-3
Mar 11 16:00,31,47.9,0,42.6,0,114,-1
Mar 11 15:00,33,47.9,0,42.6,0,112,-4
Mar 11 14:00,33,47.9,0,42.6,-0.1,114,-2
Mar 11 13:00,33,47.9,0.1,42.6,-0.1,115,-1
Mar 11 12:00,29,47.9,0.1,42.6,-0.1,115,-1
Mar 11 11:00,29,47.9,0.2,42.6,-0.2,116,0
Mar 11 10:00,27,47.9,0.3,42.6,-0.2,114,-2
Mar 11 9:00,26,47.9,0.3,42.6,-0.2,116,1
Mar 11 8:00,25,47.9,0.3,42.6,-0.2,116,1
Mar 11 7:00,23,47.9,0.3,42.6,-0.3,116,1
Mar 11 6:00,23,47.9,0.3,42.6,-0.3,116,1
Mar 11 5:00,24,47.9,0.3,42.6,-0.4,116,1
Mar 11 4:00,24,47.9,0.3,42.6,-0.4,116,0
Mar 11 3:00,24,47.9,0.3,42.6,-0.3,116,1
Mar 11 2:00,24,47.9,0.3,42.5,-0.4,116,2
Mar 11 1:00,24,47.9,0.3,42.5,-0.4,116,2
Mar 11 0:00,25,47.9,0.3,42.5,-0.4,116,2
Mar 10 23:00,25,47.9,0.4,42.6,-0.2,116,2
Mar 10 22:00,23,47.9,0.3,42.6,-0.2,115,1
Mar 10 21:00,22,47.9,0.3,42.5,-0.2,116,4
Mar 10 20:00,24,47.9,0.3,42.6,0,116,3
Mar 10 19:00,25,47.9,0.3,42.6,0,116,3
Mar 10 18:00,25,47.9,0.3,42.6,0,116,3
Mar 10 17:00,27,47.9,0.3,42.6,0.1,116,3
Mar 10 16:00,28,47.9,0.3,42.6,0.1,115,2
Mar 10 15:00,31,47.9,0.3,42.6,0.1,116,3
Mar 10 14:00,28,47.9,0.3,42.7,0.3,116,3
Mar 10 13:00,30,47.8,0.2,42.7,0.3,116,3
Mar 10 12:00,31,47.8,0.2,42.7,0.3,116,3
Mar 10 11:00,29,47.7,0.1,42.8,0.5,116,5
Mar 10 10:00,28,47.6,0,42.8,0.5,116,5
Mar 10 9:00,26,47.6,0,42.8,0.5,115,3
Mar 10 8:00,24,47.6,0,42.8,0.5,115,3
Mar 10 7:00,23,47.6,0,42.9,0.6,115,3
Mar 10 6:00,22,47.6,0,42.9,0.6,115,2
Mar 10 5:00,22,47.6,0,43,0.7,115,2
Mar 10 4:00,23,47.6,0,43,0.7,116,3
Mar 10 3:00,23,47.6,0.1,42.9,0.6,115,2
Mar 10 2:00,23,47.6,0,42.9,0.6,114,1
Mar 10 1:00,24,47.6,0,42.9,0.6,114,1
Mar 10 0:00,24,47.6,0,42.9,0.6,114,2
Mar 9 23:00,24,47.5,0,42.8,0.5,114,2
Mar 9 22:00,24,47.6,0,42.8,0.5,114,2
Mar 9 21:00,24,47.6,0,42.7,0.4,112,0
Mar 9 20:00,24,47.6,0,42.6,0.3,113,1
Mar 9 19:00,23,47.6,0,42.6,0.3,113,0
Mar 9 18:00,23,47.6,0,42.6,0.3,113,0
Mar 9 17:00,23,47.6,0,42.5,0.2,113,-1
Mar 9 16:00,24,47.6,0,42.5,0.2,113,0
Mar 9 15:00,24,47.6,0,42.5,0.2,113,0
Mar 9 14:00,25,47.6,0.1,42.4,0.1,113,1
Mar 9 13:00,25,47.6,0.1,42.4,0.1,113,
Mar 9 12:00,26,47.6,0.1,42.4,0.1,113,1
Mar 9 11:00,26,47.6,0.1,42.3,0.1,111,-3
Mar 9 10:00,25,47.6,0.1,42.3,0,111,-3
Mar 9 9:00,23,47.6,0.1,42.3,0.1,112,-2
Mar 9 8:00,19,47.6,0.1,42.3,0,112,-3
Mar 9 7:00,19,47.6,0.1,42.3,0,112,-3
Mar 9 6:00,17,47.6,0.1,42.3,0,113,-2
Mar 9 5:00,18,47.6,0.1,42.3,0.1,113,-1
Mar 9 4:00,18,47.6,0.1,42.3,0.1,113,1
Mar 9 3:00,22,47.5,0,42.3,0.1,113,1
Mar 9 2:00,21,47.6,0.1,42.3,0.1,113,3
Mar 9 1:00,19,47.6,0.1,42.3,0.2,113,1
Mar 9 0:00,17,47.6,0.1,42.3,0.2,112,2
Mar 8 23:00,19,47.5,0,42.3,0.2,112,2
Mar 8 22:00,17,47.6,0.1,42.3,0.3,112,1
Mar 8 21:00,20,47.6,0.1,42.3,0.3,112,0
Mar 8 20:00,22,47.6,0.1,42.3,0.3,112,0
Mar 8 19:00,23,47.6,0.1,42.3,0.3,113,2
Mar 8 18:00,24,47.6,0.1,42.3,0.3,113,2
Mar 8 17:00,24,47.6,0.1,42.3,0.3,114,3
Mar 8 16:00,26,47.6,0.1,42.3,0.3,113,2
Mar 8 15:00,28,47.6,0.1,42.3,0.3,113,2
Mar 8 14:00,28,47.5,0,42.3,0.3,112,0
Mar 8 13:00,28,47.5,0,42.3,0.3,,
Mar 8 12:00,28,47.5,0,42.3,0.3,112,0
Mar 8 11:00,26,47.5,0,42.2,0.2,114,2
Mar 8 10:00,25,47.5,0,42.3,0.4,114,2
Mar 8 9:00,26,47.5,0,42.2,0.3,114,1
Mar 8 8:00,23,47.5,0,42.3,0.4,115,2
Mar 8 7:00,23,47.5,0,42.3,0.4,115,2
Mar 8 6:00,23,47.5,0,42.3,0.3,115,2
Mar 8 5:00,23,47.5,0,42.2,0.2,114,1
Mar 8 4:00,23,47.5,0,42.2,0.2,112,-2
Mar 8 3:00,23,47.5,0,42.2,0.2,112,-2
Mar 8 2:00,23,47.5,0,42.2,0.3,110,-4
Mar 8 1:00,23,47.5,0,42.1,0.2,112,-2
Mar 8 0:00,23,47.5,0,42.1,0.2,110,-4
Mar 7 23:00,21,47.5,0,42.1,0.2,110,-4
Mar 7 22:00,21,47.5,0,42,0.1,111,-3
Mar 7 21:00,20,47.5,0,42,0.1,112,-2
Mar 7 20:00,21,47.5,0,42,0.1,112,-3
Mar 7 19:00,23,47.5,0,42,0.1,111,-3
Mar 7 18:00,24,47.5,0,42,0.1,111,-4
Mar 7 17:00,25,47.5,0,42,0.1,111,-2
Mar 7 16:00,27,47.5,0,42,0.1,111,-1
Mar 7 15:00,29,47.5,0,42,0.2,111,-1
Mar 7 14:00,31,47.5,0,42,0.2,112,-1
Mar 7 13:00,28,47.5,0,42,0.2,112,-2
Mar 7 12:00,28,47.5,0,42,0.2,112,-2
Mar 7 11:00,28,47.5,0,42,0.2,112,-2
Mar 7 10:00,26,47.5,0,41.9,0.1,112,-1
Mar 7 9:00,25,47.5,0,41.9,0.2,113,-1
Mar 7 8:00,23,47.5,0,41.9,0.2,113,-1
Mar 7 7:00,23,47.5,0,41.9,0.2,113,-1
Mar 7 6:00,22,47.5,0,42,0.2,113,-1
Mar 7 5:00,23,47.5,0,42,0.3,113,-2
Mar 7 4:00,22,47.5,0,42,0.2,114,-1
Mar 7 3:00,22,47.5,0,42,0.2,114,-1
Mar 7 2:00,20,47.5,0,41.9,0.2,114,-1
Mar 7 1:00,20,47.5,0,41.9,0.2,114,-2
Mar 7 0:00,21,47.5,0,41.9,0.2,114,-2
Mar 6 23:00,23,47.5,0,41.9,0.2,114,
Mar 6 22:00,23,47.5,0,41.9,0.2,114,-2
Mar 6 21:00,24,47.5,0,41.9,0.3,114,-2
Mar 6 20:00,24,47.5,0,41.9,0.4,115,0
Mar 6 19:00,24,47.5,0.1,41.9,0.4,114,0
Mar 6 18:00,25,47.5,0.1,41.9,0.4,115,2
Mar 6 17:00,26,47.5,0.1,41.9,0.4,113,-1
Mar 6 16:00,28,47.5,0.1,41.9,0.4,112,-2
Mar 6 15:00,29,47.5,0.1,41.8,0.3,112,-2
Mar 6 14:00,33,47.5,0.1,41.8,0.3,113,-1
Mar 6 13:00,32,47.5,0.1,41.8,0.3,114,0
Mar 6 12:00,28,47.5,0.1,41.8,0.3,114,0
Mar 6 11:00,28,47.5,0.2,41.8,0.3,114,0
Mar 6 10:00,25,47.5,0.4,41.8,0.3,113,-2
Mar 6 9:00,24,47.5,0.5,41.7,0.3,114,-1
Mar 6 8:00,21,47.5,0.5,41.7,0.2,114,-1
Mar 6 7:00,21,47.5,0.5,41.7,0.2,114,-1
Mar 6 6:00,20,47.5,0.5,41.8,0.3,114,-1
Mar 6 5:00,21,47.5,0.5,41.7,0.2,115,-1
Mar 6 4:00,22,47.5,0.5,41.8,0.2,115,-1
Mar 6 3:00,22,47.5,0.5,41.8,0.2,115,-1
Mar 6 2:00,22,47.5,0.5,41.7,0.2,115,-1
Mar 6 1:00,23,47.5,0.5,41.7,0.2,116,0
Mar 6 0:00,23,47.5,0.5,41.7,0.2,116,0
Mar 5 23:00,23,47.5,0.5,41.7,0.2,,
Mar 5 22:00,23,47.5,0.5,41.7,0.2,116,0
Mar 5 21:00,23,47.5,0.5,41.6,0.1,116,-1
Mar 5 20:00,23,47.5,0.5,41.5,0,115,
Mar 5 19:00,23,47.4,0.4,41.5,0,114,-2
Mar 5 18:00,24,47.4,0.4,41.5,0,113,-5
Mar 5 17:00,25,47.4,0.4,41.5,0,114,-3
Mar 5 16:00,27,47.4,0.4,41.5,0,114,-2
Mar 5 15:00,29,47.4,0.4,41.5,0,114,-3
Mar 5 14:00,32,47.4,0.5,41.5,0.1,114,-2
Mar 5 13:00,31,47.4,0.4,41.5,0.1,114,-2
Mar 5 12:00,27,47.4,0.4,41.5,0.1,114,-3
Mar 5 11:00,26,47.3,0.4,41.5,0.1,114,-3
Mar 5 10:00,23,47.1,0.1,41.5,0.1,115,-2
Mar 5 9:00,19,47,0,41.4,0,115,-2
Mar 5 8:00,13,47,0.1,41.5,0.1,115,-2
Mar 5 7:00,11,47,0.1,41.5,0.1,115,-1
Mar 5 6:00,11,47,0.1,41.5,0.1,115,-3
Mar 5 5:00,12,47,0.1,41.5,0.2,116,-1
Mar 5 4:00,12,47,0.1,41.6,0.3,116,-1
Mar 5 3:00,14,47,0.1,41.6,0.4,116,0
Mar 5 2:00,19,47,0.1,41.5,0.4,116,3
Mar 5 1:00,21,47,0.1,41.5,0.4,116,2
Mar 5 0:00,18,47,0.1,41.5,0.5,116,4
Mar 4 23:00,21,47,0.1,41.5,0.6,116,5
Mar 4 22:00,21,47,0.1,41.5,0.6,116,5
Mar 4 21:00,21,47,0.1,41.5,0.7,117,7
Mar 4 20:00,22,47,0.1,41.5,0.7,,
Mar 4 19:00,22,47,0.1,41.5,0.8,116,5
Mar 4 18:00,22,47,0.1,41.5,0.8,118,7
Mar 4 17:00,23,47,0.1,41.5,0.9,117,7
Mar 4 16:00,23,47,0.1,41.5,0.9,116,6
Mar 4 15:00,24,47,0.1,41.5,1,117,7
Mar 4 14:00,24,46.9,0,41.4,0.8,116,6
Mar 4 13:00,24,47,0.1,41.4,0.9,116,6
Mar 4 12:00,24,47,0.1,41.4,0.9,117,8
Mar 4 11:00,24,46.9,0,41.4,1,117,7
Mar 4 10:00,25,47,0.2,41.4,1,117,8
Mar 4 9:00,23,47,0.2,41.4,1,117,6
Mar 4 8:00,22,46.9,0.1,41.4,1,117,6
Mar 4 7:00,22,46.9,0.1,41.4,1.1,116,5
Mar 4 6:00,21,46.9,0.1,41.4,1.1,118,7
Mar 4 5:00,21,46.9,0.1,41.3,1,117,6
Mar 4 4:00,22,46.9,0.1,41.3,1,117,6
Mar 4 3:00,22,46.9,0.1,41.2,0.9,116,5
Mar 4 2:00,23,46.9,0.1,41.1,0.9,113,2
Mar 4 1:00,22,46.9,0.1,41.1,0.9,114,3
Mar 4 0:00,22,46.9,0.1,41,0.8,112,1
Mar 3 23:00,22,46.9,0.1,40.9,0.7,111,0
Mar 3 22:00,22,46.9,0.1,40.9,0.7,111,1
Mar 3 21:00,22,46.9,0.1,40.8,0.6,110,
Mar 3 20:00,22,46.9,0.1,40.8,0.6,110,0
Mar 3 19:00,22,46.9,0.1,40.7,0.6,111,2
Mar 3 18:00,22,46.9,0.1,40.7,0.6,111,2
Mar 3 17:00,23,46.9,0.1,40.6,0.5,110,2
Mar 3 16:00,24,46.9,0.1,40.6,0.6,110,0
Mar 3 15:00,25,46.9,0.1,40.5,0.5,110,1
Mar 3 14:00,25,46.9,0.1,40.6,0.5,110,1
Mar 3 13:00,27,46.9,0.1,40.5,0.5,110,2
Mar 3 12:00,27,46.9,0.1,40.5,0.5,109,1
Mar 3 11:00,25,46.9,0.2,40.4,0.4,110,2
Mar 3 10:00,25,46.8,0.1,40.4,0.4,109,2
Mar 3 9:00,23,46.8,0.1,40.4,0.5,111,3
Mar 3 8:00,21,46.8,0.1,40.4,0.5,111,3
Mar 3 7:00,20,46.8,0.1,40.3,0.5,111,3
Mar 3 6:00,20,46.8,0.1,40.3,0.4,111,3
Mar 3 5:00,21,46.8,0.1,40.3,0.5,111,2
Mar 3 4:00,20,46.8,0.1,40.3,0.5,111,3
Mar 3 3:00,20,46.8,0.1,40.3,0.6,111,5
Mar 3 2:00,20,46.8,0.1,40.2,0.5,111,3
Mar 3 1:00,20,46.8,0.1,40.2,0.6,111,3
Mar 3 0:00,19,46.8,0.1,40.2,0.6,111,4
Mar 2 23:00,20,46.8,0.1,40.2,0.6,111,3
Mar 2 22:00,21,46.8,0,40.2,0.6,110,2
Mar 2 21:00,21,46.8,0.1,40.2,0.7,,
Mar 2 20:00,22,46.8,0.1,40.2,0.7,110,2
Mar 2 19:00,22,46.8,0.1,40.1,0.6,109,1
Mar 2 18:00,21,46.8,0,40.1,0.6,109,1
Mar 2 17:00,23,46.8,0.1,40.1,0.6,108,0
Mar 2 16:00,24,46.8,0.1,40,0.5,110,2
Mar 2 15:00,26,46.8,0.1,40,0.5,109,1
Mar 2 14:00,28,46.8,0.1,40.1,0.7,109,1
Mar 2 13:00,27,46.8,0.1,40,0.6,108,3
Mar 2 12:00,28,46.8,0.1,40,0.6,108,0
Mar 2 11:00,28,46.7,0,40,0.6,108,1
Mar 2 10:00,28,46.7,0.1,40,0.6,107,0
Mar 2 9:00,27,46.7,0.1,39.9,0.6,108,-1
Mar 2 8:00,26,46.7,0.1,39.9,0.6,108,-1
Mar 2 7:00,26,46.7,0,39.8,0.5,108,-2
Mar 2 6:00,26,46.7,0,39.9,0.6,108,-2
Mar 2 5:00,24,46.7,0,39.8,0.5,109,1
Mar 2 4:00,23,46.7,0,39.8,0.4,108,-1
Mar 2 3:00,23,46.7,0,39.7,0.4,106,-3
Mar 2 2:00,23,46.7,0,39.7,0.3,108,-2
Mar 2 1:00,23,46.7,0,39.6,0.2,108,-1
Mar 2 0:00,22,46.7,0,39.6,0.2,107,
Mar 1 23:00,22,46.7,0,39.6,0.2,108,
Mar 1 22:00,22,46.8,0.1,39.6,0.2,108,-2
Mar 1 21:00,22,46.7,0,39.5,0.1,108,
Mar 1 20:00,19,46.7,0,39.5,0.1,108,-3
Mar 1 19:00,19,46.7,0,39.5,0.1,108,-1
Mar 1 18:00,21,46.8,0.1,39.5,0.1,108,-1
Mar 1 17:00,23,46.7,0,39.5,0.1,108,
Mar 1 16:00,25,46.7,0.1,39.5,0.1,108,-3
Mar 1 15:00,29,46.7,0.1,39.5,0.1,108,-3
Mar 1 14:00,28,46.7,0.1,39.4,0,108,-1
Mar 1 13:00,29,46.7,0.1,39.4,0.1,105,
Mar 1 12:00,30,46.7,0.1,39.4,0.1,108,-1
Mar 1 11:00,24,46.7,0,39.4,0.1,107,
Mar 1 10:00,22,46.6,0,39.4,0.1,107,
Mar 1 9:00,17,46.6,0.1,39.3,0,109,
Mar 1 8:00,12,46.6,0.1,39.3,0,109,-2
Mar 1 7:00,10,46.7,0.2,39.3,0,110,0
Mar 1 6:00,10,46.7,0.2,39.3,0.1,110,1
Mar 1 5:00,9,46.7,0.3,39.3,0.1,108,1
Mar 1 4:00,12,46.7,0.3,39.4,0.2,109,1
Mar 1 3:00,11,46.7,0.4,39.3,0.3,109,1
Mar 1 2:00,12,46.7,0.5,39.4,0.4,110,5
Mar 1 1:00,13,46.7,0.5,39.4,0.4,109,3
Mar 1 0:00,14,46.7,0.5,39.4,0.4,,
